2026-07-30T11:48:12.939-03:00  INFO 26648 --- [ClinicaVeterinaria] [restartedMain] c.C.C.ClinicaVeterinariaApplication      : Starting ClinicaVeterinariaApplication using Java 17.0.19 with PID 26648 (C:\Users\usuario\Desktop\mis cosillas\vete\clinicaVeterinariaV2\backend\target\classes started by usuario in C:\Users\usuario\Desktop\mis cosillas\vete\clinicaVeterinariaV2\backend)
2026-07-30T11:48:12.947-03:00  INFO 26648 --- [ClinicaVeterinaria] [restartedMain] c.C.C.ClinicaVeterinariaApplication      : No active profile set, falling back to 1 default profile: "default"
2026-07-30T11:48:13.020-03:00  INFO 26648 --- [ClinicaVeterinaria] [restartedMain] .e.DevToolsPropertyDefaultsPostProcessor : Devtools property defaults active! Set 'spring.devtools.add-properties' to 'false' to disable
2026-07-30T11:48:13.021-03:00  INFO 26648 --- [ClinicaVeterinaria] [restartedMain] .e.DevToolsPropertyDefaultsPostProcessor : For additional web related logging consider setting the 'logging.level.web' property to 'DEBUG'
2026-07-30T11:48:15.025-03:00  INFO 26648 --- [ClinicaVeterinaria] [restartedMain] .s.d.r.c.RepositoryConfigurationDelegate : Bootstrapping Spring Data JPA repositories in DEFAULT mode.
2026-07-30T11:48:15.116-03:00  INFO 26648 --- [ClinicaVeterinaria] [restartedMain] .s.d.r.c.RepositoryConfigurationDelegate : Finished Spring Data repository scanning in 83 ms. Found 8 JPA repository interfaces.
2026-07-30T11:48:16.049-03:00  INFO 26648 --- [ClinicaVeterinaria] [restartedMain] o.s.b.w.embedded.tomcat.TomcatWebServer  : Tomcat initialized with port 8080 (http)
2026-07-30T11:48:16.071-03:00  INFO 26648 --- [ClinicaVeterinaria] [restartedMain] o.apache.catalina.core.StandardService   : Starting service [Tomcat]
2026-07-30T11:48:16.071-03:00  INFO 26648 --- [ClinicaVeterinaria] [restartedMain] o.apache.catalina.core.StandardEngine    : Starting Servlet engine: [Apache Tomcat/10.1.30]
2026-07-30T11:48:16.143-03:00  INFO 26648 --- [ClinicaVeterinaria] [restartedMain] o.a.c.c.C.[Tomcat].[localhost].[/]       : Initializing Spring embedded WebApplicationContext
2026-07-30T11:48:16.144-03:00  INFO 26648 --- [ClinicaVeterinaria] [restartedMain] w.s.c.ServletWebServerApplicationContext : Root WebApplicationContext: initialization completed in 3121 ms
2026-07-30T11:48:16.385-03:00  INFO 26648 --- [ClinicaVeterinaria] [restartedMain] o.hibernate.jpa.internal.util.LogHelper  : HHH000204: Processing PersistenceUnitInfo [name: default]
2026-07-30T11:48:16.508-03:00  INFO 26648 --- [ClinicaVeterinaria] [restartedMain] org.hibernate.Version                    : HHH000412: Hibernate ORM core version 6.5.3.Final
2026-07-30T11:48:16.556-03:00  INFO 26648 --- [ClinicaVeterinaria] [restartedMain] o.h.c.internal.RegionFactoryInitiator    : HHH000026: Second-level cache disabled
2026-07-30T11:48:16.908-03:00  INFO 26648 --- [ClinicaVeterinaria] [restartedMain] o.s.o.j.p.SpringPersistenceUnitInfo      : No LoadTimeWeaver setup: ignoring JPA class transformer
2026-07-30T11:48:16.938-03:00  INFO 26648 --- [ClinicaVeterinaria] [restartedMain] com.zaxxer.hikari.HikariDataSource       : HikariPool-1 - Starting...
2026-07-30T11:48:18.121-03:00  WARN 26648 --- [ClinicaVeterinaria] [restartedMain] o.h.engine.jdbc.spi.SqlExceptionHelper   : SQL Error: 0, SQLState: 08001
2026-07-30T11:48:18.122-03:00 ERROR 26648 --- [ClinicaVeterinaria] [restartedMain] o.h.engine.jdbc.spi.SqlExceptionHelper   : Public Key Retrieval is not allowed
2026-07-30T11:48:18.123-03:00  WARN 26648 --- [ClinicaVeterinaria] [restartedMain] o.h.e.j.e.i.JdbcEnvironmentInitiator     : HHH000342: Could not obtain connection to query metadata

org.hibernate.exception.JDBCConnectionException: unable to obtain isolated JDBC connection [Public Key Retrieval is not allowed] [n/a]
	at org.hibernate.exception.internal.SQLStateConversionDelegate.convert(SQLStateConversionDelegate.java:100) ~[hibernate-core-6.5.3.Final.jar:6.5.3.Final]
	at org.hibernate.exception.internal.StandardSQLExceptionConverter.convert(StandardSQLExceptionConverter.java:58) ~[hibernate-core-6.5.3.Final.jar:6.5.3.Final]
	at org.hibernate.engine.jdbc.spi.SqlExceptionHelper.convert(SqlExceptionHelper.java:108) ~[hibernate-core-6.5.3.Final.jar:6.5.3.Final]
	at org.hibernate.engine.jdbc.spi.SqlExceptionHelper.convert(SqlExceptionHelper.java:94) ~[hibernate-core-6.5.3.Final.jar:6.5.3.Final]
	at org.hibernate.resource.transaction.backend.jdbc.internal.JdbcIsolationDelegate.delegateWork(JdbcIsolationDelegate.java:116) ~[hibernate-core-6.5.3.Final.jar:6.5.3.Final]
	at org.hibernate.engine.jdbc.env.internal.JdbcEnvironmentInitiator.getJdbcEnvironmentUsingJdbcMetadata(JdbcEnvironmentInitiator.java:292) ~[hibernate-core-6.5.3.Final.jar:6.5.3.Final]
	at org.hibernate.engine.jdbc.env.internal.JdbcEnvironmentInitiator.initiateService(JdbcEnvironmentInitiator.java:124) ~[hibernate-core-6.5.3.Final.jar:6.5.3.Final]
	at org.hibernate.engine.jdbc.env.internal.JdbcEnvironmentInitiator.initiateService(JdbcEnvironmentInitiator.java:78) ~[hibernate-core-6.5.3.Final.jar:6.5.3.Final]
	at org.hibernate.boot.registry.internal.StandardServiceRegistryImpl.initiateService(StandardServiceRegistryImpl.java:130) ~[hibernate-core-6.5.3.Final.jar:6.5.3.Final]
	at org.hibernate.service.internal.AbstractServiceRegistryImpl.createService(AbstractServiceRegistryImpl.java:263) ~[hibernate-core-6.5.3.Final.jar:6.5.3.Final]
	at org.hibernate.service.internal.AbstractServiceRegistryImpl.initializeService(AbstractServiceRegistryImpl.java:238) ~[hibernate-core-6.5.3.Final.jar:6.5.3.Final]
	at org.hibernate.service.internal.AbstractServiceRegistryImpl.getService(AbstractServiceRegistryImpl.java:215) ~[hibernate-core-6.5.3.Final.jar:6.5.3.Final]
	at org.hibernate.boot.model.relational.Database.<init>(Database.java:45) ~[hibernate-core-6.5.3.Final.jar:6.5.3.Final]
	at org.hibernate.boot.internal.InFlightMetadataCollectorImpl.getDatabase(InFlightMetadataCollectorImpl.java:221) ~[hibernate-core-6.5.3.Final.jar:6.5.3.Final]
	at org.hibernate.boot.internal.InFlightMetadataCollectorImpl.<init>(InFlightMetadataCollectorImpl.java:189) ~[hibernate-core-6.5.3.Final.jar:6.5.3.Final]
	at org.hibernate.boot.model.process.spi.MetadataBuildingProcess.complete(MetadataBuildingProcess.java:171) ~[hibernate-core-6.5.3.Final.jar:6.5.3.Final]
	at org.hibernate.jpa.boot.internal.EntityManagerFactoryBuilderImpl.metadata(EntityManagerFactoryBuilderImpl.java:1431) ~[hibernate-core-6.5.3.Final.jar:6.5.3.Final]
	at org.hibernate.jpa.boot.internal.EntityManagerFactoryBuilderImpl.build(EntityManagerFactoryBuilderImpl.java:1502) ~[hibernate-core-6.5.3.Final.jar:6.5.3.Final]
	at org.springframework.orm.jpa.vendor.SpringHibernateJpaPersistenceProvider.createContainerEntityManagerFactory(SpringHibernateJpaPersistenceProvider.java:75) ~[spring-orm-6.1.13.jar:6.1.13]
	at org.springframework.orm.jpa.LocalContainerEntityManagerFactoryBean.createNativeEntityManagerFactory(LocalContainerEntityManagerFactoryBean.java:390) ~[spring-orm-6.1.13.jar:6.1.13]
	at org.springframework.orm.jpa.AbstractEntityManagerFactoryBean.buildNativeEntityManagerFactory(AbstractEntityManagerFactoryBean.java:409) ~[spring-orm-6.1.13.jar:6.1.13]
	at org.springframework.orm.jpa.AbstractEntityManagerFactoryBean.afterPropertiesSet(AbstractEntityManagerFactoryBean.java:396) ~[spring-orm-6.1.13.jar:6.1.13]
	at org.springframework.orm.jpa.LocalContainerEntityManagerFactoryBean.afterPropertiesSet(LocalContainerEntityManagerFactoryBean.java:366) ~[spring-orm-6.1.13.jar:6.1.13]
	at org.springframework.beans.factory.support.AbstractAutowireCapableBeanFactory.invokeInitMethods(AbstractAutowireCapableBeanFactory.java:1853) ~[spring-beans-6.1.13.jar:6.1.13]
	at org.springframework.beans.factory.support.AbstractAutowireCapableBeanFactory.initializeBean(AbstractAutowireCapableBeanFactory.java:1802) ~[spring-beans-6.1.13.jar:6.1.13]
	at org.springframework.beans.factory.support.AbstractAutowireCapableBeanFactory.doCreateBean(AbstractAutowireCapableBeanFactory.java:600) ~[spring-beans-6.1.13.jar:6.1.13]
	at org.springframework.beans.factory.support.AbstractAutowireCapableBeanFactory.createBean(AbstractAutowireCapableBeanFactory.java:522) ~[spring-beans-6.1.13.jar:6.1.13]
	at org.springframework.beans.factory.support.AbstractBeanFactory.lambda$doGetBean$0(AbstractBeanFactory.java:337) ~[spring-beans-6.1.13.jar:6.1.13]
	at org.springframework.beans.factory.support.DefaultSingletonBeanRegistry.getSingleton(DefaultSingletonBeanRegistry.java:234) ~[spring-beans-6.1.13.jar:6.1.13]
	at org.springframework.beans.factory.support.AbstractBeanFactory.doGetBean(AbstractBeanFactory.java:335) ~[spring-beans-6.1.13.jar:6.1.13]
	at org.springframework.beans.factory.support.AbstractBeanFactory.getBean(AbstractBeanFactory.java:205) ~[spring-beans-6.1.13.jar:6.1.13]
	at org.springframework.context.support.AbstractApplicationContext.finishBeanFactoryInitialization(AbstractApplicationContext.java:954) ~[spring-context-6.1.13.jar:6.1.13]
	at org.springframework.context.support.AbstractApplicationContext.refresh(AbstractApplicationContext.java:625) ~[spring-context-6.1.13.jar:6.1.13]
	at org.springframework.boot.web.servlet.context.ServletWebServerApplicationContext.refresh(ServletWebServerApplicationContext.java:146) ~[spring-boot-3.3.4.jar:3.3.4]
	at org.springframework.boot.SpringApplication.refresh(SpringApplication.java:754) ~[spring-boot-3.3.4.jar:3.3.4]
	at org.springframework.boot.SpringApplication.refreshContext(SpringApplication.java:456) ~[spring-boot-3.3.4.jar:3.3.4]
	at org.springframework.boot.SpringApplication.run(SpringApplication.java:335) ~[spring-boot-3.3.4.jar:3.3.4]
	at org.springframework.boot.SpringApplication.run(SpringApplication.java:1363) ~[spring-boot-3.3.4.jar:3.3.4]
	at org.springframework.boot.SpringApplication.run(SpringApplication.java:1352) ~[spring-boot-3.3.4.jar:3.3.4]
	at com.ClinicaVeterinaria.ClinicaVeterinaria.ClinicaVeterinariaApplication.main(ClinicaVeterinariaApplication.java:10) ~[classes/:na]
	at java.base/jdk.internal.reflect.NativeMethodAccessorImpl.invoke0(Native Method) ~[na:na]
	at java.base/jdk.internal.reflect.NativeMethodAccessorImpl.invoke(NativeMethodAccessorImpl.java:77) ~[na:na]
	at java.base/jdk.internal.reflect.DelegatingMethodAccessorImpl.invoke(DelegatingMethodAccessorImpl.java:43) ~[na:na]
	at java.base/java.lang.reflect.Method.invoke(Method.java:569) ~[na:na]
	at org.springframework.boot.devtools.restart.RestartLauncher.run(RestartLauncher.java:50) ~[spring-boot-devtools-3.3.4.jar:3.3.4]
Caused by: java.sql.SQLNonTransientConnectionException: Public Key Retrieval is not allowed
	at com.mysql.cj.jdbc.exceptions.SQLError.createSQLException(SQLError.java:111) ~[mysql-connector-j-8.3.0.jar:8.3.0]
	at com.mysql.cj.jdbc.exceptions.SQLExceptionsMapping.translateException(SQLExceptionsMapping.java:122) ~[mysql-connector-j-8.3.0.jar:8.3.0]
	at com.mysql.cj.jdbc.ConnectionImpl.createNewIO(ConnectionImpl.java:815) ~[mysql-connector-j-8.3.0.jar:8.3.0]
	at com.mysql.cj.jdbc.ConnectionImpl.<init>(ConnectionImpl.java:438) ~[mysql-connector-j-8.3.0.jar:8.3.0]
	at com.mysql.cj.jdbc.ConnectionImpl.getInstance(ConnectionImpl.java:241) ~[mysql-connector-j-8.3.0.jar:8.3.0]
	at com.mysql.cj.jdbc.NonRegisteringDriver.connect(NonRegisteringDriver.java:189) ~[mysql-connector-j-8.3.0.jar:8.3.0]
	at com.zaxxer.hikari.util.DriverDataSource.getConnection(DriverDataSource.java:137) ~[HikariCP-5.1.0.jar:na]
	at com.zaxxer.hikari.pool.PoolBase.newConnection(PoolBase.java:360) ~[HikariCP-5.1.0.jar:na]
	at com.zaxxer.hikari.pool.PoolBase.newPoolEntry(PoolBase.java:202) ~[HikariCP-5.1.0.jar:na]
	at com.zaxxer.hikari.pool.HikariPool.createPoolEntry(HikariPool.java:461) ~[HikariCP-5.1.0.jar:na]
	at com.zaxxer.hikari.pool.HikariPool.checkFailFast(HikariPool.java:550) ~[HikariCP-5.1.0.jar:na]
	at com.zaxxer.hikari.pool.HikariPool.<init>(HikariPool.java:98) ~[HikariCP-5.1.0.jar:na]
	at com.zaxxer.hikari.HikariDataSource.getConnection(HikariDataSource.java:111) ~[HikariCP-5.1.0.jar:na]
	at org.hibernate.engine.jdbc.connections.internal.DatasourceConnectionProviderImpl.getConnection(DatasourceConnectionProviderImpl.java:122) ~[hibernate-core-6.5.3.Final.jar:6.5.3.Final]
	at org.hibernate.engine.jdbc.env.internal.JdbcEnvironmentInitiator$ConnectionProviderJdbcConnectionAccess.obtainConnection(JdbcEnvironmentInitiator.java:439) ~[hibernate-core-6.5.3.Final.jar:6.5.3.Final]
	at org.hibernate.resource.transaction.backend.jdbc.internal.JdbcIsolationDelegate.delegateWork(JdbcIsolationDelegate.java:61) ~[hibernate-core-6.5.3.Final.jar:6.5.3.Final]
	... 40 common frames omitted
Caused by: com.mysql.cj.exceptions.UnableToConnectException: Public Key Retrieval is not allowed
	at java.base/jdk.internal.reflect.NativeConstructorAccessorImpl.newInstance0(Native Method) ~[na:na]
	at java.base/jdk.internal.reflect.NativeConstructorAccessorImpl.newInstance(NativeConstructorAccessorImpl.java:77) ~[na:na]
	at java.base/jdk.internal.reflect.DelegatingConstructorAccessorImpl.newInstance(DelegatingConstructorAccessorImpl.java:45) ~[na:na]
	at java.base/java.lang.reflect.Constructor.newInstanceWithCaller(Constructor.java:500) ~[na:na]
	at java.base/java.lang.reflect.Constructor.newInstance(Constructor.java:481) ~[na:na]
	at com.mysql.cj.exceptions.ExceptionFactory.createException(ExceptionFactory.java:61) ~[mysql-connector-j-8.3.0.jar:8.3.0]
	at com.mysql.cj.exceptions.ExceptionFactory.createException(ExceptionFactory.java:85) ~[mysql-connector-j-8.3.0.jar:8.3.0]
	at com.mysql.cj.protocol.a.authentication.CachingSha2PasswordPlugin.nextAuthenticationStep(CachingSha2PasswordPlugin.java:131) ~[mysql-connector-j-8.3.0.jar:8.3.0]
	at com.mysql.cj.protocol.a.authentication.CachingSha2PasswordPlugin.nextAuthenticationStep(CachingSha2PasswordPlugin.java:49) ~[mysql-connector-j-8.3.0.jar:8.3.0]
	at com.mysql.cj.protocol.a.NativeAuthenticationProvider.proceedHandshakeWithPluggableAuthentication(NativeAuthenticationProvider.java:446) ~[mysql-connector-j-8.3.0.jar:8.3.0]
	at com.mysql.cj.protocol.a.NativeAuthenticationProvider.connect(NativeAuthenticationProvider.java:215) ~[mysql-connector-j-8.3.0.jar:8.3.0]
	at com.mysql.cj.protocol.a.NativeProtocol.connect(NativeProtocol.java:1428) ~[mysql-connector-j-8.3.0.jar:8.3.0]
	at com.mysql.cj.NativeSession.connect(NativeSession.java:133) ~[mysql-connector-j-8.3.0.jar:8.3.0]
	at com.mysql.cj.jdbc.ConnectionImpl.connectOneTryOnly(ConnectionImpl.java:935) ~[mysql-connector-j-8.3.0.jar:8.3.0]
	at com.mysql.cj.jdbc.ConnectionImpl.createNewIO(ConnectionImpl.java:805) ~[mysql-connector-j-8.3.0.jar:8.3.0]
	... 53 common frames omitted

2026-07-30T11:48:18.161-03:00  WARN 26648 --- [ClinicaVeterinaria] [restartedMain] org.hibernate.orm.deprecation            : HHH90000025: MySQL8Dialect does not need to be specified explicitly using 'hibernate.dialect' (remove the property setting and it will be selected by default)
2026-07-30T11:48:18.162-03:00  WARN 26648 --- [ClinicaVeterinaria] [restartedMain] org.hibernate.orm.deprecation            : HHH90000026: MySQL8Dialect has been deprecated; use org.hibernate.dialect.MySQLDialect instead
2026-07-30T11:48:19.135-03:00  INFO 26648 --- [ClinicaVeterinaria] [restartedMain] o.h.e.t.j.p.i.JtaPlatformInitiator       : HHH000489: No JTA platform available (set 'hibernate.transaction.jta.platform' to enable JTA platform integration)
2026-07-30T11:48:19.152-03:00  INFO 26648 --- [ClinicaVeterinaria] [restartedMain] com.zaxxer.hikari.HikariDataSource       : HikariPool-1 - Starting...
2026-07-30T11:48:20.162-03:00  WARN 26648 --- [ClinicaVeterinaria] [restartedMain] o.h.engine.jdbc.spi.SqlExceptionHelper   : SQL Error: 0, SQLState: 08001
2026-07-30T11:48:20.164-03:00 ERROR 26648 --- [ClinicaVeterinaria] [restartedMain] o.h.engine.jdbc.spi.SqlExceptionHelper   : Public Key Retrieval is not allowed
2026-07-30T11:48:20.172-03:00 ERROR 26648 --- [ClinicaVeterinaria] [restartedMain] j.LocalContainerEntityManagerFactoryBean : Failed to initialize JPA EntityManagerFactory: [PersistenceUnit: default] Unable to build Hibernate SessionFactory; nested exception is org.hibernate.exception.JDBCConnectionException: Unable to open JDBC Connection for DDL execution [Public Key Retrieval is not allowed] [n/a]
2026-07-30T11:48:20.173-03:00  WARN 26648 --- [ClinicaVeterinaria] [restartedMain] ConfigServletWebServerApplicationContext : Exception encountered during context initialization - cancelling refresh attempt: org.springframework.beans.factory.BeanCreationException: Error creating bean with name 'entityManagerFactory' defined in class path resource [org/springframework/boot/autoconfigure/orm/jpa/HibernateJpaConfiguration.class]: [PersistenceUnit: default] Unable to build Hibernate SessionFactory; nested exception is org.hibernate.exception.JDBCConnectionException: Unable to open JDBC Connection for DDL execution [Public Key Retrieval is not allowed] [n/a]
2026-07-30T11:48:20.175-03:00  INFO 26648 --- [ClinicaVeterinaria] [restartedMain] o.apache.catalina.core.StandardService   : Stopping service [Tomcat]
2026-07-30T11:48:20.187-03:00  INFO 26648 --- [ClinicaVeterinaria] [restartedMain] .s.b.a.l.ConditionEvaluationReportLogger : 

Error starting ApplicationContext. To display the condition evaluation report re-run your application with 'debug' enabled.
2026-07-30T11:48:20.202-03:00 ERROR 26648 --- [ClinicaVeterinaria] [restartedMain] o.s.boot.SpringApplication               : Application run failed

org.springframework.beans.factory.BeanCreationException: Error creating bean with name 'entityManagerFactory' defined in class path resource [org/springframework/boot/autoconfigure/orm/jpa/HibernateJpaConfiguration.class]: [PersistenceUnit: default] Unable to build Hibernate SessionFactory; nested exception is org.hibernate.exception.JDBCConnectionException: Unable to open JDBC Connection for DDL execution [Public Key Retrieval is not allowed] [n/a]
	at org.springframework.beans.factory.support.AbstractAutowireCapableBeanFactory.initializeBean(AbstractAutowireCapableBeanFactory.java:1806) ~[spring-beans-6.1.13.jar:6.1.13]
	at org.springframework.beans.factory.support.AbstractAutowireCapableBeanFactory.doCreateBean(AbstractAutowireCapableBeanFactory.java:600) ~[spring-beans-6.1.13.jar:6.1.13]
	at org.springframework.beans.factory.support.AbstractAutowireCapableBeanFactory.createBean(AbstractAutowireCapableBeanFactory.java:522) ~[spring-beans-6.1.13.jar:6.1.13]
	at org.springframework.beans.factory.support.AbstractBeanFactory.lambda$doGetBean$0(AbstractBeanFactory.java:337) ~[spring-beans-6.1.13.jar:6.1.13]
	at org.springframework.beans.factory.support.DefaultSingletonBeanRegistry.getSingleton(DefaultSingletonBeanRegistry.java:234) ~[spring-beans-6.1.13.jar:6.1.13]
	at org.springframework.beans.factory.support.AbstractBeanFactory.doGetBean(AbstractBeanFactory.java:335) ~[spring-beans-6.1.13.jar:6.1.13]
	at org.springframework.beans.factory.support.AbstractBeanFactory.getBean(AbstractBeanFactory.java:205) ~[spring-beans-6.1.13.jar:6.1.13]
	at org.springframework.context.support.AbstractApplicationContext.finishBeanFactoryInitialization(AbstractApplicationContext.java:954) ~[spring-context-6.1.13.jar:6.1.13]
	at org.springframework.context.support.AbstractApplicationContext.refresh(AbstractApplicationContext.java:625) ~[spring-context-6.1.13.jar:6.1.13]
	at org.springframework.boot.web.servlet.context.ServletWebServerApplicationContext.refresh(ServletWebServerApplicationContext.java:146) ~[spring-boot-3.3.4.jar:3.3.4]
	at org.springframework.boot.SpringApplication.refresh(SpringApplication.java:754) ~[spring-boot-3.3.4.jar:3.3.4]
	at org.springframework.boot.SpringApplication.refreshContext(SpringApplication.java:456) ~[spring-boot-3.3.4.jar:3.3.4]
	at org.springframework.boot.SpringApplication.run(SpringApplication.java:335) ~[spring-boot-3.3.4.jar:3.3.4]
	at org.springframework.boot.SpringApplication.run(SpringApplication.java:1363) ~[spring-boot-3.3.4.jar:3.3.4]
	at org.springframework.boot.SpringApplication.run(SpringApplication.java:1352) ~[spring-boot-3.3.4.jar:3.3.4]
	at com.ClinicaVeterinaria.ClinicaVeterinaria.ClinicaVeterinariaApplication.main(ClinicaVeterinariaApplication.java:10) ~[classes/:na]
	at java.base/jdk.internal.reflect.NativeMethodAccessorImpl.invoke0(Native Method) ~[na:na]
	at java.base/jdk.internal.reflect.NativeMethodAccessorImpl.invoke(NativeMethodAccessorImpl.java:77) ~[na:na]
	at java.base/jdk.internal.reflect.DelegatingMethodAccessorImpl.invoke(DelegatingMethodAccessorImpl.java:43) ~[na:na]
	at java.base/java.lang.reflect.Method.invoke(Method.java:569) ~[na:na]
	at org.springframework.boot.devtools.restart.RestartLauncher.run(RestartLauncher.java:50) ~[spring-boot-devtools-3.3.4.jar:3.3.4]
Caused by: jakarta.persistence.PersistenceException: [PersistenceUnit: default] Unable to build Hibernate SessionFactory; nested exception is org.hibernate.exception.JDBCConnectionException: Unable to open JDBC Connection for DDL execution [Public Key Retrieval is not allowed] [n/a]
	at org.springframework.orm.jpa.AbstractEntityManagerFactoryBean.buildNativeEntityManagerFactory(AbstractEntityManagerFactoryBean.java:421) ~[spring-orm-6.1.13.jar:6.1.13]
	at org.springframework.orm.jpa.AbstractEntityManagerFactoryBean.afterPropertiesSet(AbstractEntityManagerFactoryBean.java:396) ~[spring-orm-6.1.13.jar:6.1.13]
	at org.springframework.orm.jpa.LocalContainerEntityManagerFactoryBean.afterPropertiesSet(LocalContainerEntityManagerFactoryBean.java:366) ~[spring-orm-6.1.13.jar:6.1.13]
	at org.springframework.beans.factory.support.AbstractAutowireCapableBeanFactory.invokeInitMethods(AbstractAutowireCapableBeanFactory.java:1853) ~[spring-beans-6.1.13.jar:6.1.13]
	at org.springframework.beans.factory.support.AbstractAutowireCapableBeanFactory.initializeBean(AbstractAutowireCapableBeanFactory.java:1802) ~[spring-beans-6.1.13.jar:6.1.13]
	... 20 common frames omitted
Caused by: org.hibernate.exception.JDBCConnectionException: Unable to open JDBC Connection for DDL execution [Public Key Retrieval is not allowed] [n/a]
	at org.hibernate.exception.internal.SQLExceptionTypeDelegate.convert(SQLExceptionTypeDelegate.java:51) ~[hibernate-core-6.5.3.Final.jar:6.5.3.Final]
	at org.hibernate.exception.internal.StandardSQLExceptionConverter.convert(StandardSQLExceptionConverter.java:58) ~[hibernate-core-6.5.3.Final.jar:6.5.3.Final]
	at org.hibernate.engine.jdbc.spi.SqlExceptionHelper.convert(SqlExceptionHelper.java:108) ~[hibernate-core-6.5.3.Final.jar:6.5.3.Final]
	at org.hibernate.engine.jdbc.spi.SqlExceptionHelper.convert(SqlExceptionHelper.java:94) ~[hibernate-core-6.5.3.Final.jar:6.5.3.Final]
	at org.hibernate.resource.transaction.backend.jdbc.internal.DdlTransactionIsolatorNonJtaImpl.getIsolatedConnection(DdlTransactionIsolatorNonJtaImpl.java:74) ~[hibernate-core-6.5.3.Final.jar:6.5.3.Final]
	at org.hibernate.resource.transaction.backend.jdbc.internal.DdlTransactionIsolatorNonJtaImpl.getIsolatedConnection(DdlTransactionIsolatorNonJtaImpl.java:39) ~[hibernate-core-6.5.3.Final.jar:6.5.3.Final]
	at org.hibernate.tool.schema.internal.exec.ImprovedExtractionContextImpl.getJdbcConnection(ImprovedExtractionContextImpl.java:63) ~[hibernate-core-6.5.3.Final.jar:6.5.3.Final]
	at org.hibernate.tool.schema.internal.exec.ImprovedExtractionContextImpl.getJdbcDatabaseMetaData(ImprovedExtractionContextImpl.java:70) ~[hibernate-core-6.5.3.Final.jar:6.5.3.Final]
	at org.hibernate.tool.schema.extract.internal.InformationExtractorJdbcDatabaseMetaDataImpl.processTableResultSet(InformationExtractorJdbcDatabaseMetaDataImpl.java:65) ~[hibernate-core-6.5.3.Final.jar:6.5.3.Final]
	at org.hibernate.tool.schema.extract.internal.AbstractInformationExtractorImpl.getTables(AbstractInformationExtractorImpl.java:570) ~[hibernate-core-6.5.3.Final.jar:6.5.3.Final]
	at org.hibernate.tool.schema.extract.internal.DatabaseInformationImpl.getTablesInformation(DatabaseInformationImpl.java:122) ~[hibernate-core-6.5.3.Final.jar:6.5.3.Final]
	at org.hibernate.tool.schema.internal.GroupedSchemaMigratorImpl.performTablesMigration(GroupedSchemaMigratorImpl.java:72) ~[hibernate-core-6.5.3.Final.jar:6.5.3.Final]
	at org.hibernate.tool.schema.internal.AbstractSchemaMigrator.performMigration(AbstractSchemaMigrator.java:240) ~[hibernate-core-6.5.3.Final.jar:6.5.3.Final]
	at org.hibernate.tool.schema.internal.AbstractSchemaMigrator.doMigration(AbstractSchemaMigrator.java:119) ~[hibernate-core-6.5.3.Final.jar:6.5.3.Final]
	at org.hibernate.tool.schema.spi.SchemaManagementToolCoordinator.performDatabaseAction(SchemaManagementToolCoordinator.java:280) ~[hibernate-core-6.5.3.Final.jar:6.5.3.Final]
	at org.hibernate.tool.schema.spi.SchemaManagementToolCoordinator.lambda$process$5(SchemaManagementToolCoordinator.java:144) ~[hibernate-core-6.5.3.Final.jar:6.5.3.Final]
	at java.base/java.util.HashMap.forEach(HashMap.java:1421) ~[na:na]
	at org.hibernate.tool.schema.spi.SchemaManagementToolCoordinator.process(SchemaManagementToolCoordinator.java:141) ~[hibernate-core-6.5.3.Final.jar:6.5.3.Final]
	at org.hibernate.boot.internal.SessionFactoryObserverForSchemaExport.sessionFactoryCreated(SessionFactoryObserverForSchemaExport.java:37) ~[hibernate-core-6.5.3.Final.jar:6.5.3.Final]
	at org.hibernate.internal.SessionFactoryObserverChain.sessionFactoryCreated(SessionFactoryObserverChain.java:35) ~[hibernate-core-6.5.3.Final.jar:6.5.3.Final]
	at org.hibernate.internal.SessionFactoryImpl.<init>(SessionFactoryImpl.java:322) ~[hibernate-core-6.5.3.Final.jar:6.5.3.Final]
	at org.hibernate.boot.internal.SessionFactoryBuilderImpl.build(SessionFactoryBuilderImpl.java:457) ~[hibernate-core-6.5.3.Final.jar:6.5.3.Final]
	at org.hibernate.jpa.boot.internal.EntityManagerFactoryBuilderImpl.build(EntityManagerFactoryBuilderImpl.java:1506) ~[hibernate-core-6.5.3.Final.jar:6.5.3.Final]
	at org.springframework.orm.jpa.vendor.SpringHibernateJpaPersistenceProvider.createContainerEntityManagerFactory(SpringHibernateJpaPersistenceProvider.java:75) ~[spring-orm-6.1.13.jar:6.1.13]
	at org.springframework.orm.jpa.LocalContainerEntityManagerFactoryBean.createNativeEntityManagerFactory(LocalContainerEntityManagerFactoryBean.java:390) ~[spring-orm-6.1.13.jar:6.1.13]
	at org.springframework.orm.jpa.AbstractEntityManagerFactoryBean.buildNativeEntityManagerFactory(AbstractEntityManagerFactoryBean.java:409) ~[spring-orm-6.1.13.jar:6.1.13]
	... 24 common frames omitted
Caused by: java.sql.SQLNonTransientConnectionException: Public Key Retrieval is not allowed
	at com.mysql.cj.jdbc.exceptions.SQLError.createSQLException(SQLError.java:111) ~[mysql-connector-j-8.3.0.jar:8.3.0]
	at com.mysql.cj.jdbc.exceptions.SQLExceptionsMapping.translateException(SQLExceptionsMapping.java:122) ~[mysql-connector-j-8.3.0.jar:8.3.0]
	at com.mysql.cj.jdbc.ConnectionImpl.createNewIO(ConnectionImpl.java:815) ~[mysql-connector-j-8.3.0.jar:8.3.0]
	at com.mysql.cj.jdbc.ConnectionImpl.<init>(ConnectionImpl.java:438) ~[mysql-connector-j-8.3.0.jar:8.3.0]
	at com.mysql.cj.jdbc.ConnectionImpl.getInstance(ConnectionImpl.java:241) ~[mysql-connector-j-8.3.0.jar:8.3.0]
	at com.mysql.cj.jdbc.NonRegisteringDriver.connect(NonRegisteringDriver.java:189) ~[mysql-connector-j-8.3.0.jar:8.3.0]
	at com.zaxxer.hikari.util.DriverDataSource.getConnection(DriverDataSource.java:137) ~[HikariCP-5.1.0.jar:na]
	at com.zaxxer.hikari.pool.PoolBase.newConnection(PoolBase.java:360) ~[HikariCP-5.1.0.jar:na]
	at com.zaxxer.hikari.pool.PoolBase.newPoolEntry(PoolBase.java:202) ~[HikariCP-5.1.0.jar:na]
	at com.zaxxer.hikari.pool.HikariPool.createPoolEntry(HikariPool.java:461) ~[HikariCP-5.1.0.jar:na]
	at com.zaxxer.hikari.pool.HikariPool.checkFailFast(HikariPool.java:550) ~[HikariCP-5.1.0.jar:na]
	at com.zaxxer.hikari.pool.HikariPool.<init>(HikariPool.java:98) ~[HikariCP-5.1.0.jar:na]
	at com.zaxxer.hikari.HikariDataSource.getConnection(HikariDataSource.java:111) ~[HikariCP-5.1.0.jar:na]
	at org.hibernate.engine.jdbc.connections.internal.DatasourceConnectionProviderImpl.getConnection(DatasourceConnectionProviderImpl.java:122) ~[hibernate-core-6.5.3.Final.jar:6.5.3.Final]
	at org.hibernate.engine.jdbc.env.internal.JdbcEnvironmentInitiator$ConnectionProviderJdbcConnectionAccess.obtainConnection(JdbcEnvironmentInitiator.java:439) ~[hibernate-core-6.5.3.Final.jar:6.5.3.Final]
	at org.hibernate.resource.transaction.backend.jdbc.internal.DdlTransactionIsolatorNonJtaImpl.getIsolatedConnection(DdlTransactionIsolatorNonJtaImpl.java:46) ~[hibernate-core-6.5.3.Final.jar:6.5.3.Final]
	... 45 common frames omitted
Caused by: com.mysql.cj.exceptions.UnableToConnectException: Public Key Retrieval is not allowed
	at java.base/jdk.internal.reflect.NativeConstructorAccessorImpl.newInstance0(Native Method) ~[na:na]
	at java.base/jdk.internal.reflect.NativeConstructorAccessorImpl.newInstance(NativeConstructorAccessorImpl.java:77) ~[na:na]
	at java.base/jdk.internal.reflect.DelegatingConstructorAccessorImpl.newInstance(DelegatingConstructorAccessorImpl.java:45) ~[na:na]
	at java.base/java.lang.reflect.Constructor.newInstanceWithCaller(Constructor.java:500) ~[na:na]
	at java.base/java.lang.reflect.Constructor.newInstance(Constructor.java:481) ~[na:na]
	at com.mysql.cj.exceptions.ExceptionFactory.createException(ExceptionFactory.java:61) ~[mysql-connector-j-8.3.0.jar:8.3.0]
	at com.mysql.cj.exceptions.ExceptionFactory.createException(ExceptionFactory.java:85) ~[mysql-connector-j-8.3.0.jar:8.3.0]
	at com.mysql.cj.protocol.a.authentication.CachingSha2PasswordPlugin.nextAuthenticationStep(CachingSha2PasswordPlugin.java:131) ~[mysql-connector-j-8.3.0.jar:8.3.0]
	at com.mysql.cj.protocol.a.authentication.CachingSha2PasswordPlugin.nextAuthenticationStep(CachingSha2PasswordPlugin.java:49) ~[mysql-connector-j-8.3.0.jar:8.3.0]
	at com.mysql.cj.protocol.a.NativeAuthenticationProvider.proceedHandshakeWithPluggableAuthentication(NativeAuthenticationProvider.java:446) ~[mysql-connector-j-8.3.0.jar:8.3.0]
	at com.mysql.cj.protocol.a.NativeAuthenticationProvider.connect(NativeAuthenticationProvider.java:215) ~[mysql-connector-j-8.3.0.jar:8.3.0]
	at com.mysql.cj.protocol.a.NativeProtocol.connect(NativeProtocol.java:1428) ~[mysql-connector-j-8.3.0.jar:8.3.0]
	at com.mysql.cj.NativeSession.connect(NativeSession.java:133) ~[mysql-connector-j-8.3.0.jar:8.3.0]
	at com.mysql.cj.jdbc.ConnectionImpl.connectOneTryOnly(ConnectionImpl.java:935) ~[mysql-connector-j-8.3.0.jar:8.3.0]
	at com.mysql.cj.jdbc.ConnectionImpl.createNewIO(ConnectionImpl.java:805) ~[mysql-connector-j-8.3.0.jar:8.3.0]
	... 58 common frames omitted

2026-07-30T11:51:23.572-03:00  INFO 19644 --- [ClinicaVeterinaria] [restartedMain] c.C.C.ClinicaVeterinariaApplication      : Starting ClinicaVeterinariaApplication using Java 17.0.19 with PID 19644 (C:\Users\usuario\Desktop\mis cosillas\vete\clinicaVeterinariaV2\backend\target\classes started by usuario in C:\Users\usuario\Desktop\mis cosillas\vete\clinicaVeterinariaV2\backend)
2026-07-30T11:51:23.576-03:00  INFO 19644 --- [ClinicaVeterinaria] [restartedMain] c.C.C.ClinicaVeterinariaApplication      : No active profile set, falling back to 1 default profile: "default"
2026-07-30T11:51:23.650-03:00  INFO 19644 --- [ClinicaVeterinaria] [restartedMain] .e.DevToolsPropertyDefaultsPostProcessor : Devtools property defaults active! Set 'spring.devtools.add-properties' to 'false' to disable
2026-07-30T11:51:23.650-03:00  INFO 19644 --- [ClinicaVeterinaria] [restartedMain] .e.DevToolsPropertyDefaultsPostProcessor : For additional web related logging consider setting the 'logging.level.web' property to 'DEBUG'
2026-07-30T11:51:24.392-03:00  INFO 19644 --- [ClinicaVeterinaria] [restartedMain] .s.d.r.c.RepositoryConfigurationDelegate : Bootstrapping Spring Data JPA repositories in DEFAULT mode.
2026-07-30T11:51:24.464-03:00  INFO 19644 --- [ClinicaVeterinaria] [restartedMain] .s.d.r.c.RepositoryConfigurationDelegate : Finished Spring Data repository scanning in 66 ms. Found 8 JPA repository interfaces.
2026-07-30T11:51:25.156-03:00  INFO 19644 --- [ClinicaVeterinaria] [restartedMain] o.s.b.w.embedded.tomcat.TomcatWebServer  : Tomcat initialized with port 8080 (http)
2026-07-30T11:51:25.169-03:00  INFO 19644 --- [ClinicaVeterinaria] [restartedMain] o.apache.catalina.core.StandardService   : Starting service [Tomcat]
2026-07-30T11:51:25.170-03:00  INFO 19644 --- [ClinicaVeterinaria] [restartedMain] o.apache.catalina.core.StandardEngine    : Starting Servlet engine: [Apache Tomcat/10.1.30]
2026-07-30T11:51:25.220-03:00  INFO 19644 --- [ClinicaVeterinaria] [restartedMain] o.a.c.c.C.[Tomcat].[localhost].[/]       : Initializing Spring embedded WebApplicationContext
2026-07-30T11:51:25.220-03:00  INFO 19644 --- [ClinicaVeterinaria] [restartedMain] w.s.c.ServletWebServerApplicationContext : Root WebApplicationContext: initialization completed in 1569 ms
2026-07-30T11:51:25.422-03:00  INFO 19644 --- [ClinicaVeterinaria] [restartedMain] o.hibernate.jpa.internal.util.LogHelper  : HHH000204: Processing PersistenceUnitInfo [name: default]
2026-07-30T11:51:25.489-03:00  INFO 19644 --- [ClinicaVeterinaria] [restartedMain] org.hibernate.Version                    : HHH000412: Hibernate ORM core version 6.5.3.Final
2026-07-30T11:51:25.525-03:00  INFO 19644 --- [ClinicaVeterinaria] [restartedMain] o.h.c.internal.RegionFactoryInitiator    : HHH000026: Second-level cache disabled
2026-07-30T11:51:25.802-03:00  INFO 19644 --- [ClinicaVeterinaria] [restartedMain] o.s.o.j.p.SpringPersistenceUnitInfo      : No LoadTimeWeaver setup: ignoring JPA class transformer
2026-07-30T11:51:25.823-03:00  INFO 19644 --- [ClinicaVeterinaria] [restartedMain] com.zaxxer.hikari.HikariDataSource       : HikariPool-1 - Starting...
2026-07-30T11:51:25.930-03:00  INFO 19644 --- [ClinicaVeterinaria] [restartedMain] com.zaxxer.hikari.pool.HikariPool        : HikariPool-1 - Added connection com.mysql.cj.jdbc.ConnectionImpl@53d318db
2026-07-30T11:51:25.931-03:00  INFO 19644 --- [ClinicaVeterinaria] [restartedMain] com.zaxxer.hikari.HikariDataSource       : HikariPool-1 - Start completed.
2026-07-30T11:51:25.963-03:00  WARN 19644 --- [ClinicaVeterinaria] [restartedMain] org.hibernate.orm.deprecation            : HHH90000025: MySQL8Dialect does not need to be specified explicitly using 'hibernate.dialect' (remove the property setting and it will be selected by default)
2026-07-30T11:51:25.964-03:00  WARN 19644 --- [ClinicaVeterinaria] [restartedMain] org.hibernate.orm.deprecation            : HHH90000026: MySQL8Dialect has been deprecated; use org.hibernate.dialect.MySQLDialect instead
2026-07-30T11:51:26.769-03:00  INFO 19644 --- [ClinicaVeterinaria] [restartedMain] o.h.e.t.j.p.i.JtaPlatformInitiator       : HHH000489: No JTA platform available (set 'hibernate.transaction.jta.platform' to enable JTA platform integration)
2026-07-30T11:51:27.997-03:00  INFO 19644 --- [ClinicaVeterinaria] [restartedMain] j.LocalContainerEntityManagerFactoryBean : Initialized JPA EntityManagerFactory for persistence unit 'default'
2026-07-30T11:51:28.437-03:00  INFO 19644 --- [ClinicaVeterinaria] [restartedMain] o.s.d.j.r.query.QueryEnhancerFactory     : Hibernate is in classpath; If applicable, HQL parser will be used.
2026-07-30T11:51:28.938-03:00  INFO 19644 --- [ClinicaVeterinaria] [restartedMain] r$InitializeUserDetailsManagerConfigurer : Global AuthenticationManager configured with UserDetailsService bean with name usuarioDetailsServiceImpl
2026-07-30T11:51:28.976-03:00  WARN 19644 --- [ClinicaVeterinaria] [restartedMain] JpaBaseConfiguration$JpaWebConfiguration : spring.jpa.open-in-view is enabled by default. Therefore, database queries may be performed during view rendering. Explicitly configure spring.jpa.open-in-view to disable this warning
2026-07-30T11:51:29.501-03:00  WARN 19644 --- [ClinicaVeterinaria] [restartedMain] ion$DefaultTemplateResolverConfiguration : Cannot find template location: classpath:/templates/ (please add some templates, check your Thymeleaf configuration, or set spring.thymeleaf.check-template-location=false)
2026-07-30T11:51:29.640-03:00  INFO 19644 --- [ClinicaVeterinaria] [restartedMain] o.s.b.d.a.OptionalLiveReloadServer       : LiveReload server is running on port 35729
2026-07-30T11:51:29.680-03:00  INFO 19644 --- [ClinicaVeterinaria] [restartedMain] o.s.b.w.embedded.tomcat.TomcatWebServer  : Tomcat started on port 8080 (http) with context path '/'
2026-07-30T11:51:29.690-03:00  INFO 19644 --- [ClinicaVeterinaria] [restartedMain] c.C.C.ClinicaVeterinariaApplication      : Started ClinicaVeterinariaApplication in 6.516 seconds (process running for 6.984)
2026-07-30T11:52:05.445-03:00  INFO 19644 --- [ClinicaVeterinaria] [File Watcher] rtingClassPathChangeChangedEventListener : Restarting due to 1 class path change (0 additions, 0 deletions, 1 modification)
2026-07-30T11:52:06.172-03:00  INFO 19644 --- [ClinicaVeterinaria] [Thread-5] j.LocalContainerEntityManagerFactoryBean : Closing JPA EntityManagerFactory for persistence unit 'default'
2026-07-30T11:52:06.177-03:00  INFO 19644 --- [ClinicaVeterinaria] [Thread-5] com.zaxxer.hikari.HikariDataSource       : HikariPool-1 - Shutdown initiated...
2026-07-30T11:52:06.191-03:00  INFO 19644 --- [ClinicaVeterinaria] [Thread-5] com.zaxxer.hikari.HikariDataSource       : HikariPool-1 - Shutdown completed.
2026-07-30T11:52:06.287-03:00  INFO 19644 --- [ClinicaVeterinaria] [restartedMain] c.C.C.ClinicaVeterinariaApplication      : Starting ClinicaVeterinariaApplication using Java 17.0.19 with PID 19644 (C:\Users\usuario\Desktop\mis cosillas\vete\clinicaVeterinariaV2\backend\target\classes started by usuario in C:\Users\usuario\Desktop\mis cosillas\vete\clinicaVeterinariaV2\backend)
2026-07-30T11:52:06.288-03:00  INFO 19644 --- [ClinicaVeterinaria] [restartedMain] c.C.C.ClinicaVeterinariaApplication      : No active profile set, falling back to 1 default profile: "default"
2026-07-30T11:52:06.710-03:00  INFO 19644 --- [ClinicaVeterinaria] [restartedMain] .s.d.r.c.RepositoryConfigurationDelegate : Bootstrapping Spring Data JPA repositories in DEFAULT mode.
2026-07-30T11:52:06.754-03:00  INFO 19644 --- [ClinicaVeterinaria] [restartedMain] .s.d.r.c.RepositoryConfigurationDelegate : Finished Spring Data repository scanning in 44 ms. Found 8 JPA repository interfaces.
2026-07-30T11:52:06.941-03:00  INFO 19644 --- [ClinicaVeterinaria] [restartedMain] o.s.b.w.embedded.tomcat.TomcatWebServer  : Tomcat initialized with port 8080 (http)
2026-07-30T11:52:06.942-03:00  INFO 19644 --- [ClinicaVeterinaria] [restartedMain] o.apache.catalina.core.StandardService   : Starting service [Tomcat]
2026-07-30T11:52:06.943-03:00  INFO 19644 --- [ClinicaVeterinaria] [restartedMain] o.apache.catalina.core.StandardEngine    : Starting Servlet engine: [Apache Tomcat/10.1.30]
2026-07-30T11:52:06.971-03:00  INFO 19644 --- [ClinicaVeterinaria] [restartedMain] o.a.c.c.C.[Tomcat].[localhost].[/]       : Initializing Spring embedded WebApplicationContext
2026-07-30T11:52:06.972-03:00  INFO 19644 --- [ClinicaVeterinaria] [restartedMain] w.s.c.ServletWebServerApplicationContext : Root WebApplicationContext: initialization completed in 671 ms
2026-07-30T11:52:07.016-03:00  INFO 19644 --- [ClinicaVeterinaria] [restartedMain] o.hibernate.jpa.internal.util.LogHelper  : HHH000204: Processing PersistenceUnitInfo [name: default]
2026-07-30T11:52:07.019-03:00  INFO 19644 --- [ClinicaVeterinaria] [restartedMain] o.h.c.internal.RegionFactoryInitiator    : HHH000026: Second-level cache disabled
2026-07-30T11:52:07.034-03:00  INFO 19644 --- [ClinicaVeterinaria] [restartedMain] o.s.o.j.p.SpringPersistenceUnitInfo      : No LoadTimeWeaver setup: ignoring JPA class transformer
2026-07-30T11:52:07.035-03:00  INFO 19644 --- [ClinicaVeterinaria] [restartedMain] com.zaxxer.hikari.HikariDataSource       : HikariPool-2 - Starting...
2026-07-30T11:52:07.042-03:00  INFO 19644 --- [ClinicaVeterinaria] [restartedMain] com.zaxxer.hikari.pool.HikariPool        : HikariPool-2 - Added connection com.mysql.cj.jdbc.ConnectionImpl@4d38acc1
2026-07-30T11:52:07.042-03:00  INFO 19644 --- [ClinicaVeterinaria] [restartedMain] com.zaxxer.hikari.HikariDataSource       : HikariPool-2 - Start completed.
2026-07-30T11:52:07.043-03:00  WARN 19644 --- [ClinicaVeterinaria] [restartedMain] org.hibernate.orm.deprecation            : HHH90000025: MySQL8Dialect does not need to be specified explicitly using 'hibernate.dialect' (remove the property setting and it will be selected by default)
2026-07-30T11:52:07.043-03:00  WARN 19644 --- [ClinicaVeterinaria] [restartedMain] org.hibernate.orm.deprecation            : HHH90000026: MySQL8Dialect has been deprecated; use org.hibernate.dialect.MySQLDialect instead
2026-07-30T11:52:07.300-03:00  INFO 19644 --- [ClinicaVeterinaria] [restartedMain] o.h.e.t.j.p.i.JtaPlatformInitiator       : HHH000489: No JTA platform available (set 'hibernate.transaction.jta.platform' to enable JTA platform integration)
2026-07-30T11:52:07.536-03:00  INFO 19644 --- [ClinicaVeterinaria] [restartedMain] j.LocalContainerEntityManagerFactoryBean : Initialized JPA EntityManagerFactory for persistence unit 'default'
2026-07-30T11:52:07.747-03:00  INFO 19644 --- [ClinicaVeterinaria] [restartedMain] r$InitializeUserDetailsManagerConfigurer : Global AuthenticationManager configured with UserDetailsService bean with name usuarioDetailsServiceImpl
2026-07-30T11:52:07.780-03:00  WARN 19644 --- [ClinicaVeterinaria] [restartedMain] JpaBaseConfiguration$JpaWebConfiguration : spring.jpa.open-in-view is enabled by default. Therefore, database queries may be performed during view rendering. Explicitly configure spring.jpa.open-in-view to disable this warning
2026-07-30T11:52:08.020-03:00  WARN 19644 --- [ClinicaVeterinaria] [restartedMain] ion$DefaultTemplateResolverConfiguration : Cannot find template location: classpath:/templates/ (please add some templates, check your Thymeleaf configuration, or set spring.thymeleaf.check-template-location=false)
2026-07-30T11:52:08.168-03:00  INFO 19644 --- [ClinicaVeterinaria] [restartedMain] o.s.b.d.a.OptionalLiveReloadServer       : LiveReload server is running on port 35729
2026-07-30T11:52:08.182-03:00  INFO 19644 --- [ClinicaVeterinaria] [restartedMain] o.s.b.w.embedded.tomcat.TomcatWebServer  : Tomcat started on port 8080 (http) with context path '/'
2026-07-30T11:52:08.185-03:00  INFO 19644 --- [ClinicaVeterinaria] [restartedMain] c.C.C.ClinicaVeterinariaApplication      : Started ClinicaVeterinariaApplication in 1.937 seconds (process running for 45.48)
2026-07-30T11:52:08.188-03:00  INFO 19644 --- [ClinicaVeterinaria] [restartedMain] .ConditionEvaluationDeltaLoggingListener : Condition evaluation unchanged
2026-07-30T11:52:10.098-03:00  INFO 19644 --- [ClinicaVeterinaria] [File Watcher] rtingClassPathChangeChangedEventListener : Restarting due to 52 class path changes (0 additions, 0 deletions, 52 modifications)
2026-07-30T11:52:10.522-03:00  INFO 19644 --- [ClinicaVeterinaria] [Thread-7] j.LocalContainerEntityManagerFactoryBean : Closing JPA EntityManagerFactory for persistence unit 'default'
2026-07-30T11:52:10.523-03:00  INFO 19644 --- [ClinicaVeterinaria] [Thread-7] com.zaxxer.hikari.HikariDataSource       : HikariPool-2 - Shutdown initiated...
2026-07-30T11:52:10.525-03:00  INFO 19644 --- [ClinicaVeterinaria] [Thread-7] com.zaxxer.hikari.HikariDataSource       : HikariPool-2 - Shutdown completed.
2026-07-30T11:52:10.591-03:00  INFO 19644 --- [ClinicaVeterinaria] [restartedMain] c.C.C.ClinicaVeterinariaApplication      : Starting ClinicaVeterinariaApplication using Java 17.0.19 with PID 19644 (C:\Users\usuario\Desktop\mis cosillas\vete\clinicaVeterinariaV2\backend\target\classes started by usuario in C:\Users\usuario\Desktop\mis cosillas\vete\clinicaVeterinariaV2\backend)
2026-07-30T11:52:10.591-03:00  INFO 19644 --- [ClinicaVeterinaria] [restartedMain] c.C.C.ClinicaVeterinariaApplication      : No active profile set, falling back to 1 default profile: "default"
2026-07-30T11:52:11.106-03:00  INFO 19644 --- [ClinicaVeterinaria] [restartedMain] .s.d.r.c.RepositoryConfigurationDelegate : Bootstrapping Spring Data JPA repositories in DEFAULT mode.
2026-07-30T11:52:11.162-03:00  INFO 19644 --- [ClinicaVeterinaria] [restartedMain] .s.d.r.c.RepositoryConfigurationDelegate : Finished Spring Data repository scanning in 55 ms. Found 8 JPA repository interfaces.
2026-07-30T11:52:11.316-03:00  INFO 19644 --- [ClinicaVeterinaria] [restartedMain] o.s.b.w.embedded.tomcat.TomcatWebServer  : Tomcat initialized with port 8080 (http)
2026-07-30T11:52:11.317-03:00  INFO 19644 --- [ClinicaVeterinaria] [restartedMain] o.apache.catalina.core.StandardService   : Starting service [Tomcat]
2026-07-30T11:52:11.317-03:00  INFO 19644 --- [ClinicaVeterinaria] [restartedMain] o.apache.catalina.core.StandardEngine    : Starting Servlet engine: [Apache Tomcat/10.1.30]
2026-07-30T11:52:11.339-03:00  INFO 19644 --- [ClinicaVeterinaria] [restartedMain] o.a.c.c.C.[Tomcat].[localhost].[/]       : Initializing Spring embedded WebApplicationContext
2026-07-30T11:52:11.340-03:00  INFO 19644 --- [ClinicaVeterinaria] [restartedMain] w.s.c.ServletWebServerApplicationContext : Root WebApplicationContext: initialization completed in 747 ms
2026-07-30T11:52:11.378-03:00  INFO 19644 --- [ClinicaVeterinaria] [restartedMain] o.hibernate.jpa.internal.util.LogHelper  : HHH000204: Processing PersistenceUnitInfo [name: default]
2026-07-30T11:52:11.381-03:00  INFO 19644 --- [ClinicaVeterinaria] [restartedMain] o.h.c.internal.RegionFactoryInitiator    : HHH000026: Second-level cache disabled
2026-07-30T11:52:11.392-03:00  INFO 19644 --- [ClinicaVeterinaria] [restartedMain] o.s.o.j.p.SpringPersistenceUnitInfo      : No LoadTimeWeaver setup: ignoring JPA class transformer
2026-07-30T11:52:11.394-03:00  INFO 19644 --- [ClinicaVeterinaria] [restartedMain] com.zaxxer.hikari.HikariDataSource       : HikariPool-3 - Starting...
2026-07-30T11:52:11.398-03:00  INFO 19644 --- [ClinicaVeterinaria] [restartedMain] com.zaxxer.hikari.pool.HikariPool        : HikariPool-3 - Added connection com.mysql.cj.jdbc.ConnectionImpl@26a4703e
2026-07-30T11:52:11.399-03:00  INFO 19644 --- [ClinicaVeterinaria] [restartedMain] com.zaxxer.hikari.HikariDataSource       : HikariPool-3 - Start completed.
2026-07-30T11:52:11.399-03:00  WARN 19644 --- [ClinicaVeterinaria] [restartedMain] org.hibernate.orm.deprecation            : HHH90000025: MySQL8Dialect does not need to be specified explicitly using 'hibernate.dialect' (remove the property setting and it will be selected by default)
2026-07-30T11:52:11.399-03:00  WARN 19644 --- [ClinicaVeterinaria] [restartedMain] org.hibernate.orm.deprecation            : HHH90000026: MySQL8Dialect has been deprecated; use org.hibernate.dialect.MySQLDialect instead
2026-07-30T11:52:11.634-03:00  INFO 19644 --- [ClinicaVeterinaria] [restartedMain] o.h.e.t.j.p.i.JtaPlatformInitiator       : HHH000489: No JTA platform available (set 'hibernate.transaction.jta.platform' to enable JTA platform integration)
2026-07-30T11:52:11.739-03:00  INFO 19644 --- [ClinicaVeterinaria] [restartedMain] j.LocalContainerEntityManagerFactoryBean : Initialized JPA EntityManagerFactory for persistence unit 'default'
2026-07-30T11:52:11.872-03:00  INFO 19644 --- [ClinicaVeterinaria] [restartedMain] r$InitializeUserDetailsManagerConfigurer : Global AuthenticationManager configured with UserDetailsService bean with name usuarioDetailsServiceImpl
2026-07-30T11:52:11.881-03:00  WARN 19644 --- [ClinicaVeterinaria] [restartedMain] JpaBaseConfiguration$JpaWebConfiguration : spring.jpa.open-in-view is enabled by default. Therefore, database queries may be performed during view rendering. Explicitly configure spring.jpa.open-in-view to disable this warning
2026-07-30T11:52:11.954-03:00  WARN 19644 --- [ClinicaVeterinaria] [restartedMain] ion$DefaultTemplateResolverConfiguration : Cannot find template location: classpath:/templates/ (please add some templates, check your Thymeleaf configuration, or set spring.thymeleaf.check-template-location=false)
2026-07-30T11:52:11.975-03:00  INFO 19644 --- [ClinicaVeterinaria] [restartedMain] o.s.b.d.a.OptionalLiveReloadServer       : LiveReload server is running on port 35729
2026-07-30T11:52:11.986-03:00  INFO 19644 --- [ClinicaVeterinaria] [restartedMain] o.s.b.w.embedded.tomcat.TomcatWebServer  : Tomcat started on port 8080 (http) with context path '/'
2026-07-30T11:52:11.989-03:00  INFO 19644 --- [ClinicaVeterinaria] [restartedMain] c.C.C.ClinicaVeterinariaApplication      : Started ClinicaVeterinariaApplication in 1.423 seconds (process running for 49.284)
2026-07-30T11:52:11.993-03:00  INFO 19644 --- [ClinicaVeterinaria] [restartedMain] .ConditionEvaluationDeltaLoggingListener : Condition evaluation delta:


==========================
CONDITION EVALUATION DELTA
==========================


Positive matches:
-----------------

    None


Negative matches:
-----------------

   MailSenderAutoConfiguration:
      Did not match:
         - AnyNestedCondition 0 matched 2 did not; NestedCondition on MailSenderAutoConfiguration.MailSenderCondition.JndiNameProperty @ConditionalOnProperty (spring.mail.jndi-name) did not find property 'jndi-name'; NestedCondition on MailSenderAutoConfiguration.MailSenderCondition.HostProperty @ConditionalOnProperty (spring.mail.host) did not find property 'host' (MailSenderAutoConfiguration.MailSenderCondition)
      Matched:
         - @ConditionalOnClass found required classes 'jakarta.mail.internet.MimeMessage', 'jakarta.activation.MimeType', 'org.springframework.mail.MailSender' (OnClassCondition)


Exclusions:
-----------

    None


Unconditional classes:
----------------------

    None



2026-07-30T11:52:24.821-03:00  INFO 19644 --- [ClinicaVeterinaria] [http-nio-8080-exec-1] o.a.c.c.C.[Tomcat].[localhost].[/]       : Initializing Spring DispatcherServlet 'dispatcherServlet'
2026-07-30T11:52:24.821-03:00  INFO 19644 --- [ClinicaVeterinaria] [http-nio-8080-exec-1] o.s.web.servlet.DispatcherServlet        : Initializing Servlet 'dispatcherServlet'
2026-07-30T11:52:24.822-03:00  INFO 19644 --- [ClinicaVeterinaria] [http-nio-8080-exec-1] o.s.web.servlet.DispatcherServlet        : Completed initialization in 1 ms
2026-07-23T22:15:19.762-03:00  INFO 23044 --- [ClinicaVeterinaria] [restartedMain] c.C.C.ClinicaVeterinariaApplication      : Starting ClinicaVeterinariaApplication using Java 22.0.1 with PID 23044 (C:\Users\Noe\Desktop\veterinaria\backend\target\classes started by Noe in C:\Users\Noe\Desktop\veterinaria\backend)
2026-07-23T22:15:19.775-03:00  INFO 23044 --- [ClinicaVeterinaria] [restartedMain] c.C.C.ClinicaVeterinariaApplication      : No active profile set, falling back to 1 default profile: "default"
2026-07-23T22:15:19.862-03:00  INFO 23044 --- [ClinicaVeterinaria] [restartedMain] .e.DevToolsPropertyDefaultsPostProcessor : Devtools property defaults active! Set 'spring.devtools.add-properties' to 'false' to disable
2026-07-23T22:15:19.862-03:00  INFO 23044 --- [ClinicaVeterinaria] [restartedMain] .e.DevToolsPropertyDefaultsPostProcessor : For additional web related logging consider setting the 'logging.level.web' property to 'DEBUG'
2026-07-23T22:15:21.032-03:00  INFO 23044 --- [ClinicaVeterinaria] [restartedMain] .s.d.r.c.RepositoryConfigurationDelegate : Bootstrapping Spring Data JPA repositories in DEFAULT mode.
2026-07-23T22:15:21.193-03:00  INFO 23044 --- [ClinicaVeterinaria] [restartedMain] .s.d.r.c.RepositoryConfigurationDelegate : Finished Spring Data repository scanning in 147 ms. Found 8 JPA repository interfaces.
2026-07-23T22:15:22.576-03:00  INFO 23044 --- [ClinicaVeterinaria] [restartedMain] o.s.b.w.embedded.tomcat.TomcatWebServer  : Tomcat initialized with port 8080 (http)
2026-07-23T22:15:22.595-03:00  INFO 23044 --- [ClinicaVeterinaria] [restartedMain] o.apache.catalina.core.StandardService   : Starting service [Tomcat]
2026-07-23T22:15:22.595-03:00  INFO 23044 --- [ClinicaVeterinaria] [restartedMain] o.apache.catalina.core.StandardEngine    : Starting Servlet engine: [Apache Tomcat/10.1.30]
2026-07-23T22:15:22.670-03:00  INFO 23044 --- [ClinicaVeterinaria] [restartedMain] o.a.c.c.C.[Tomcat].[localhost].[/]       : Initializing Spring embedded WebApplicationContext
2026-07-23T22:15:22.670-03:00  INFO 23044 --- [ClinicaVeterinaria] [restartedMain] w.s.c.ServletWebServerApplicationContext : Root WebApplicationContext: initialization completed in 2808 ms
2026-07-23T22:15:23.225-03:00  INFO 23044 --- [ClinicaVeterinaria] [restartedMain] o.hibernate.jpa.internal.util.LogHelper  : HHH000204: Processing PersistenceUnitInfo [name: default]
2026-07-23T22:15:23.462-03:00  INFO 23044 --- [ClinicaVeterinaria] [restartedMain] org.hibernate.Version                    : HHH000412: Hibernate ORM core version 6.5.3.Final
2026-07-23T22:15:23.539-03:00  INFO 23044 --- [ClinicaVeterinaria] [restartedMain] o.h.c.internal.RegionFactoryInitiator    : HHH000026: Second-level cache disabled
2026-07-23T22:15:23.987-03:00  INFO 23044 --- [ClinicaVeterinaria] [restartedMain] o.s.o.j.p.SpringPersistenceUnitInfo      : No LoadTimeWeaver setup: ignoring JPA class transformer
2026-07-23T22:15:24.022-03:00  INFO 23044 --- [ClinicaVeterinaria] [restartedMain] com.zaxxer.hikari.HikariDataSource       : HikariPool-1 - Starting...
2026-07-23T22:15:24.292-03:00  INFO 23044 --- [ClinicaVeterinaria] [restartedMain] com.zaxxer.hikari.pool.HikariPool        : HikariPool-1 - Added connection com.mysql.cj.jdbc.ConnectionImpl@4967132b
2026-07-23T22:15:24.302-03:00  INFO 23044 --- [ClinicaVeterinaria] [restartedMain] com.zaxxer.hikari.HikariDataSource       : HikariPool-1 - Start completed.
2026-07-23T22:15:24.366-03:00  WARN 23044 --- [ClinicaVeterinaria] [restartedMain] org.hibernate.orm.deprecation            : HHH90000025: MySQL8Dialect does not need to be specified explicitly using 'hibernate.dialect' (remove the property setting and it will be selected by default)
2026-07-23T22:15:24.368-03:00  WARN 23044 --- [ClinicaVeterinaria] [restartedMain] org.hibernate.orm.deprecation            : HHH90000026: MySQL8Dialect has been deprecated; use org.hibernate.dialect.MySQLDialect instead
2026-07-23T22:15:26.122-03:00  INFO 23044 --- [ClinicaVeterinaria] [restartedMain] o.h.e.t.j.p.i.JtaPlatformInitiator       : HHH000489: No JTA platform available (set 'hibernate.transaction.jta.platform' to enable JTA platform integration)
2026-07-23T22:15:26.333-03:00  INFO 23044 --- [ClinicaVeterinaria] [restartedMain] j.LocalContainerEntityManagerFactoryBean : Initialized JPA EntityManagerFactory for persistence unit 'default'
2026-07-23T22:15:26.874-03:00  INFO 23044 --- [ClinicaVeterinaria] [restartedMain] o.s.d.j.r.query.QueryEnhancerFactory     : Hibernate is in classpath; If applicable, HQL parser will be used.
2026-07-23T22:15:27.670-03:00  INFO 23044 --- [ClinicaVeterinaria] [restartedMain] r$InitializeUserDetailsManagerConfigurer : Global AuthenticationManager configured with UserDetailsService bean with name usuarioDetailsServiceImpl
2026-07-23T22:15:27.717-03:00  WARN 23044 --- [ClinicaVeterinaria] [restartedMain] JpaBaseConfiguration$JpaWebConfiguration : spring.jpa.open-in-view is enabled by default. Therefore, database queries may be performed during view rendering. Explicitly configure spring.jpa.open-in-view to disable this warning
2026-07-23T22:15:28.268-03:00  WARN 23044 --- [ClinicaVeterinaria] [restartedMain] ion$DefaultTemplateResolverConfiguration : Cannot find template location: classpath:/templates/ (please add some templates, check your Thymeleaf configuration, or set spring.thymeleaf.check-template-location=false)
2026-07-23T22:15:28.459-03:00  INFO 23044 --- [ClinicaVeterinaria] [restartedMain] o.s.b.d.a.OptionalLiveReloadServer       : LiveReload server is running on port 35729
2026-07-23T22:15:28.479-03:00  WARN 23044 --- [ClinicaVeterinaria] [restartedMain] ConfigServletWebServerApplicationContext : Exception encountered during context initialization - cancelling refresh attempt: org.springframework.context.ApplicationContextException: Failed to start bean 'webServerStartStop'
2026-07-23T22:15:28.481-03:00  INFO 23044 --- [ClinicaVeterinaria] [restartedMain] j.LocalContainerEntityManagerFactoryBean : Closing JPA EntityManagerFactory for persistence unit 'default'
2026-07-23T22:15:28.484-03:00  INFO 23044 --- [ClinicaVeterinaria] [restartedMain] com.zaxxer.hikari.HikariDataSource       : HikariPool-1 - Shutdown initiated...
2026-07-23T22:15:28.497-03:00  INFO 23044 --- [ClinicaVeterinaria] [restartedMain] com.zaxxer.hikari.HikariDataSource       : HikariPool-1 - Shutdown completed.
2026-07-23T22:15:28.519-03:00  INFO 23044 --- [ClinicaVeterinaria] [restartedMain] .s.b.a.l.ConditionEvaluationReportLogger : 

Error starting ApplicationContext. To display the condition evaluation report re-run your application with 'debug' enabled.
2026-07-23T22:15:28.550-03:00 ERROR 23044 --- [ClinicaVeterinaria] [restartedMain] o.s.b.d.LoggingFailureAnalysisReporter   : 

***************************
APPLICATION FAILED TO START
***************************

Description:

Web server failed to start. Port 8080 was already in use.

Action:

Identify and stop the process that's listening on port 8080 or configure this application to listen on another port.

2026-07-23T22:18:18.354-03:00  INFO 2312 --- [ClinicaVeterinaria] [restartedMain] c.C.C.ClinicaVeterinariaApplication      : Starting ClinicaVeterinariaApplication using Java 22.0.1 with PID 2312 (C:\Users\Noe\Desktop\veterinaria\backend\target\classes started by Noe in C:\Users\Noe\Desktop\veterinaria\backend)
2026-07-23T22:18:18.356-03:00  INFO 2312 --- [ClinicaVeterinaria] [restartedMain] c.C.C.ClinicaVeterinariaApplication      : No active profile set, falling back to 1 default profile: "default"
2026-07-23T22:18:18.418-03:00  INFO 2312 --- [ClinicaVeterinaria] [restartedMain] .e.DevToolsPropertyDefaultsPostProcessor : Devtools property defaults active! Set 'spring.devtools.add-properties' to 'false' to disable
2026-07-23T22:18:18.418-03:00  INFO 2312 --- [ClinicaVeterinaria] [restartedMain] .e.DevToolsPropertyDefaultsPostProcessor : For additional web related logging consider setting the 'logging.level.web' property to 'DEBUG'
2026-07-23T22:18:19.261-03:00  INFO 2312 --- [ClinicaVeterinaria] [restartedMain] .s.d.r.c.RepositoryConfigurationDelegate : Bootstrapping Spring Data JPA repositories in DEFAULT mode.
2026-07-23T22:18:19.370-03:00  INFO 2312 --- [ClinicaVeterinaria] [restartedMain] .s.d.r.c.RepositoryConfigurationDelegate : Finished Spring Data repository scanning in 97 ms. Found 8 JPA repository interfaces.
2026-07-23T22:18:20.131-03:00  INFO 2312 --- [ClinicaVeterinaria] [restartedMain] o.s.b.w.embedded.tomcat.TomcatWebServer  : Tomcat initialized with port 8080 (http)
2026-07-23T22:18:20.144-03:00  INFO 2312 --- [ClinicaVeterinaria] [restartedMain] o.apache.catalina.core.StandardService   : Starting service [Tomcat]
2026-07-23T22:18:20.145-03:00  INFO 2312 --- [ClinicaVeterinaria] [restartedMain] o.apache.catalina.core.StandardEngine    : Starting Servlet engine: [Apache Tomcat/10.1.30]
2026-07-23T22:18:20.210-03:00  INFO 2312 --- [ClinicaVeterinaria] [restartedMain] o.a.c.c.C.[Tomcat].[localhost].[/]       : Initializing Spring embedded WebApplicationContext
2026-07-23T22:18:20.210-03:00  INFO 2312 --- [ClinicaVeterinaria] [restartedMain] w.s.c.ServletWebServerApplicationContext : Root WebApplicationContext: initialization completed in 1792 ms
2026-07-23T22:18:20.414-03:00  INFO 2312 --- [ClinicaVeterinaria] [restartedMain] o.hibernate.jpa.internal.util.LogHelper  : HHH000204: Processing PersistenceUnitInfo [name: default]
2026-07-23T22:18:20.471-03:00  INFO 2312 --- [ClinicaVeterinaria] [restartedMain] org.hibernate.Version                    : HHH000412: Hibernate ORM core version 6.5.3.Final
2026-07-23T22:18:20.507-03:00  INFO 2312 --- [ClinicaVeterinaria] [restartedMain] o.h.c.internal.RegionFactoryInitiator    : HHH000026: Second-level cache disabled
2026-07-23T22:18:20.818-03:00  INFO 2312 --- [ClinicaVeterinaria] [restartedMain] o.s.o.j.p.SpringPersistenceUnitInfo      : No LoadTimeWeaver setup: ignoring JPA class transformer
2026-07-23T22:18:20.854-03:00  INFO 2312 --- [ClinicaVeterinaria] [restartedMain] com.zaxxer.hikari.HikariDataSource       : HikariPool-1 - Starting...
2026-07-23T22:18:21.007-03:00  INFO 2312 --- [ClinicaVeterinaria] [restartedMain] com.zaxxer.hikari.pool.HikariPool        : HikariPool-1 - Added connection com.mysql.cj.jdbc.ConnectionImpl@58ea5c69
2026-07-23T22:18:21.009-03:00  INFO 2312 --- [ClinicaVeterinaria] [restartedMain] com.zaxxer.hikari.HikariDataSource       : HikariPool-1 - Start completed.
2026-07-23T22:18:21.029-03:00  WARN 2312 --- [ClinicaVeterinaria] [restartedMain] org.hibernate.orm.deprecation            : HHH90000025: MySQL8Dialect does not need to be specified explicitly using 'hibernate.dialect' (remove the property setting and it will be selected by default)
2026-07-23T22:18:21.030-03:00  WARN 2312 --- [ClinicaVeterinaria] [restartedMain] org.hibernate.orm.deprecation            : HHH90000026: MySQL8Dialect has been deprecated; use org.hibernate.dialect.MySQLDialect instead
2026-07-23T22:18:21.948-03:00  INFO 2312 --- [ClinicaVeterinaria] [restartedMain] o.h.e.t.j.p.i.JtaPlatformInitiator       : HHH000489: No JTA platform available (set 'hibernate.transaction.jta.platform' to enable JTA platform integration)
2026-07-23T22:18:22.108-03:00  INFO 2312 --- [ClinicaVeterinaria] [restartedMain] j.LocalContainerEntityManagerFactoryBean : Initialized JPA EntityManagerFactory for persistence unit 'default'
2026-07-23T22:18:22.527-03:00  INFO 2312 --- [ClinicaVeterinaria] [restartedMain] o.s.d.j.r.query.QueryEnhancerFactory     : Hibernate is in classpath; If applicable, HQL parser will be used.
2026-07-23T22:18:23.091-03:00  INFO 2312 --- [ClinicaVeterinaria] [restartedMain] r$InitializeUserDetailsManagerConfigurer : Global AuthenticationManager configured with UserDetailsService bean with name usuarioDetailsServiceImpl
2026-07-23T22:18:23.129-03:00  WARN 2312 --- [ClinicaVeterinaria] [restartedMain] JpaBaseConfiguration$JpaWebConfiguration : spring.jpa.open-in-view is enabled by default. Therefore, database queries may be performed during view rendering. Explicitly configure spring.jpa.open-in-view to disable this warning
2026-07-23T22:18:23.561-03:00  WARN 2312 --- [ClinicaVeterinaria] [restartedMain] ion$DefaultTemplateResolverConfiguration : Cannot find template location: classpath:/templates/ (please add some templates, check your Thymeleaf configuration, or set spring.thymeleaf.check-template-location=false)
2026-07-23T22:18:23.740-03:00  INFO 2312 --- [ClinicaVeterinaria] [restartedMain] o.s.b.d.a.OptionalLiveReloadServer       : LiveReload server is running on port 35729
2026-07-23T22:18:23.760-03:00  WARN 2312 --- [ClinicaVeterinaria] [restartedMain] ConfigServletWebServerApplicationContext : Exception encountered during context initialization - cancelling refresh attempt: org.springframework.context.ApplicationContextException: Failed to start bean 'webServerStartStop'
2026-07-23T22:18:23.763-03:00  INFO 2312 --- [ClinicaVeterinaria] [restartedMain] j.LocalContainerEntityManagerFactoryBean : Closing JPA EntityManagerFactory for persistence unit 'default'
2026-07-23T22:18:23.769-03:00  INFO 2312 --- [ClinicaVeterinaria] [restartedMain] com.zaxxer.hikari.HikariDataSource       : HikariPool-1 - Shutdown initiated...
2026-07-23T22:18:23.780-03:00  INFO 2312 --- [ClinicaVeterinaria] [restartedMain] com.zaxxer.hikari.HikariDataSource       : HikariPool-1 - Shutdown completed.
2026-07-23T22:18:23.797-03:00  INFO 2312 --- [ClinicaVeterinaria] [restartedMain] .s.b.a.l.ConditionEvaluationReportLogger : 

Error starting ApplicationContext. To display the condition evaluation report re-run your application with 'debug' enabled.
2026-07-23T22:18:23.822-03:00 ERROR 2312 --- [ClinicaVeterinaria] [restartedMain] o.s.b.d.LoggingFailureAnalysisReporter   : 

***************************
APPLICATION FAILED TO START
***************************

Description:

Web server failed to start. Port 8080 was already in use.

Action:

Identify and stop the process that's listening on port 8080 or configure this application to listen on another port.

2026-07-23T22:18:46.267-03:00  INFO 16592 --- [ClinicaVeterinaria] [restartedMain] c.C.C.ClinicaVeterinariaApplication      : Starting ClinicaVeterinariaApplication using Java 22.0.1 with PID 16592 (C:\Users\Noe\Desktop\veterinaria\backend\target\classes started by Noe in C:\Users\Noe\Desktop\veterinaria\backend)
2026-07-23T22:18:46.270-03:00  INFO 16592 --- [ClinicaVeterinaria] [restartedMain] c.C.C.ClinicaVeterinariaApplication      : No active profile set, falling back to 1 default profile: "default"
2026-07-23T22:18:46.331-03:00  INFO 16592 --- [ClinicaVeterinaria] [restartedMain] .e.DevToolsPropertyDefaultsPostProcessor : Devtools property defaults active! Set 'spring.devtools.add-properties' to 'false' to disable
2026-07-23T22:18:46.332-03:00  INFO 16592 --- [ClinicaVeterinaria] [restartedMain] .e.DevToolsPropertyDefaultsPostProcessor : For additional web related logging consider setting the 'logging.level.web' property to 'DEBUG'
2026-07-23T22:18:47.241-03:00  INFO 16592 --- [ClinicaVeterinaria] [restartedMain] .s.d.r.c.RepositoryConfigurationDelegate : Bootstrapping Spring Data JPA repositories in DEFAULT mode.
2026-07-23T22:18:47.349-03:00  INFO 16592 --- [ClinicaVeterinaria] [restartedMain] .s.d.r.c.RepositoryConfigurationDelegate : Finished Spring Data repository scanning in 100 ms. Found 8 JPA repository interfaces.
2026-07-23T22:18:48.109-03:00  INFO 16592 --- [ClinicaVeterinaria] [restartedMain] o.s.b.w.embedded.tomcat.TomcatWebServer  : Tomcat initialized with port 8080 (http)
2026-07-23T22:18:48.124-03:00  INFO 16592 --- [ClinicaVeterinaria] [restartedMain] o.apache.catalina.core.StandardService   : Starting service [Tomcat]
2026-07-23T22:18:48.124-03:00  INFO 16592 --- [ClinicaVeterinaria] [restartedMain] o.apache.catalina.core.StandardEngine    : Starting Servlet engine: [Apache Tomcat/10.1.30]
2026-07-23T22:18:48.184-03:00  INFO 16592 --- [ClinicaVeterinaria] [restartedMain] o.a.c.c.C.[Tomcat].[localhost].[/]       : Initializing Spring embedded WebApplicationContext
2026-07-23T22:18:48.184-03:00  INFO 16592 --- [ClinicaVeterinaria] [restartedMain] w.s.c.ServletWebServerApplicationContext : Root WebApplicationContext: initialization completed in 1852 ms
2026-07-23T22:18:48.400-03:00  INFO 16592 --- [ClinicaVeterinaria] [restartedMain] o.hibernate.jpa.internal.util.LogHelper  : HHH000204: Processing PersistenceUnitInfo [name: default]
2026-07-23T22:18:48.469-03:00  INFO 16592 --- [ClinicaVeterinaria] [restartedMain] org.hibernate.Version                    : HHH000412: Hibernate ORM core version 6.5.3.Final
2026-07-23T22:18:48.510-03:00  INFO 16592 --- [ClinicaVeterinaria] [restartedMain] o.h.c.internal.RegionFactoryInitiator    : HHH000026: Second-level cache disabled
2026-07-23T22:18:48.824-03:00  INFO 16592 --- [ClinicaVeterinaria] [restartedMain] o.s.o.j.p.SpringPersistenceUnitInfo      : No LoadTimeWeaver setup: ignoring JPA class transformer
2026-07-23T22:18:48.860-03:00  INFO 16592 --- [ClinicaVeterinaria] [restartedMain] com.zaxxer.hikari.HikariDataSource       : HikariPool-1 - Starting...
2026-07-23T22:18:49.014-03:00  INFO 16592 --- [ClinicaVeterinaria] [restartedMain] com.zaxxer.hikari.pool.HikariPool        : HikariPool-1 - Added connection com.mysql.cj.jdbc.ConnectionImpl@58ea5c69
2026-07-23T22:18:49.016-03:00  INFO 16592 --- [ClinicaVeterinaria] [restartedMain] com.zaxxer.hikari.HikariDataSource       : HikariPool-1 - Start completed.
2026-07-23T22:18:49.039-03:00  WARN 16592 --- [ClinicaVeterinaria] [restartedMain] org.hibernate.orm.deprecation            : HHH90000025: MySQL8Dialect does not need to be specified explicitly using 'hibernate.dialect' (remove the property setting and it will be selected by default)
2026-07-23T22:18:49.040-03:00  WARN 16592 --- [ClinicaVeterinaria] [restartedMain] org.hibernate.orm.deprecation            : HHH90000026: MySQL8Dialect has been deprecated; use org.hibernate.dialect.MySQLDialect instead
2026-07-23T22:18:50.018-03:00  INFO 16592 --- [ClinicaVeterinaria] [restartedMain] o.h.e.t.j.p.i.JtaPlatformInitiator       : HHH000489: No JTA platform available (set 'hibernate.transaction.jta.platform' to enable JTA platform integration)
2026-07-23T22:18:50.174-03:00  INFO 16592 --- [ClinicaVeterinaria] [restartedMain] j.LocalContainerEntityManagerFactoryBean : Initialized JPA EntityManagerFactory for persistence unit 'default'
2026-07-23T22:18:50.630-03:00  INFO 16592 --- [ClinicaVeterinaria] [restartedMain] o.s.d.j.r.query.QueryEnhancerFactory     : Hibernate is in classpath; If applicable, HQL parser will be used.
2026-07-23T22:18:51.161-03:00  INFO 16592 --- [ClinicaVeterinaria] [restartedMain] r$InitializeUserDetailsManagerConfigurer : Global AuthenticationManager configured with UserDetailsService bean with name usuarioDetailsServiceImpl
2026-07-23T22:18:51.198-03:00  WARN 16592 --- [ClinicaVeterinaria] [restartedMain] JpaBaseConfiguration$JpaWebConfiguration : spring.jpa.open-in-view is enabled by default. Therefore, database queries may be performed during view rendering. Explicitly configure spring.jpa.open-in-view to disable this warning
2026-07-23T22:18:51.682-03:00  WARN 16592 --- [ClinicaVeterinaria] [restartedMain] ion$DefaultTemplateResolverConfiguration : Cannot find template location: classpath:/templates/ (please add some templates, check your Thymeleaf configuration, or set spring.thymeleaf.check-template-location=false)
2026-07-23T22:18:51.872-03:00  INFO 16592 --- [ClinicaVeterinaria] [restartedMain] o.s.b.d.a.OptionalLiveReloadServer       : LiveReload server is running on port 35729
2026-07-23T22:18:51.919-03:00  INFO 16592 --- [ClinicaVeterinaria] [restartedMain] o.s.b.w.embedded.tomcat.TomcatWebServer  : Tomcat started on port 8080 (http) with context path '/'
2026-07-23T22:18:51.931-03:00  INFO 16592 --- [ClinicaVeterinaria] [restartedMain] c.C.C.ClinicaVeterinariaApplication      : Started ClinicaVeterinariaApplication in 6.282 seconds (process running for 6.953)
2026-07-23T22:19:48.379-03:00  INFO 16592 --- [ClinicaVeterinaria] [http-nio-8080-exec-1] o.a.c.c.C.[Tomcat].[localhost].[/]       : Initializing Spring DispatcherServlet 'dispatcherServlet'
2026-07-23T22:19:48.379-03:00  INFO 16592 --- [ClinicaVeterinaria] [http-nio-8080-exec-1] o.s.web.servlet.DispatcherServlet        : Initializing Servlet 'dispatcherServlet'
2026-07-23T22:19:48.380-03:00  INFO 16592 --- [ClinicaVeterinaria] [http-nio-8080-exec-1] o.s.web.servlet.DispatcherServlet        : Completed initialization in 1 ms
2026-07-23T22:39:25.956-03:00  INFO 16592 --- [ClinicaVeterinaria] [SpringApplicationShutdownHook] j.LocalContainerEntityManagerFactoryBean : Closing JPA EntityManagerFactory for persistence unit 'default'
2026-07-23T22:39:25.960-03:00  INFO 16592 --- [ClinicaVeterinaria] [SpringApplicationShutdownHook] com.zaxxer.hikari.HikariDataSource       : HikariPool-1 - Shutdown initiated...
2026-07-23T22:39:25.969-03:00  INFO 16592 --- [ClinicaVeterinaria] [SpringApplicationShutdownHook] com.zaxxer.hikari.HikariDataSource       : HikariPool-1 - Shutdown completed.
2026-08-27T05:28:43.221+02:00  INFO 2588 --- [ClinicaVeterinaria] [restartedMain] c.C.C.ClinicaVeterinariaApplication      : Starting ClinicaVeterinariaApplication using Java 21.0.11 with PID 2588 (C:\Users\sergi\IdeaProjects\clinicaVeterinariaV2\backend\target\classes started by sergi in C:\Users\sergi\IdeaProjects\clinicaVeterinariaV2\backend)
2026-08-27T05:28:43.223+02:00  INFO 2588 --- [ClinicaVeterinaria] [restartedMain] c.C.C.ClinicaVeterinariaApplication      : No active profile set, falling back to 1 default profile: "default"
2026-08-27T05:28:43.268+02:00  INFO 2588 --- [ClinicaVeterinaria] [restartedMain] .e.DevToolsPropertyDefaultsPostProcessor : Devtools property defaults active! Set 'spring.devtools.add-properties' to 'false' to disable
2026-08-27T05:28:43.269+02:00  INFO 2588 --- [ClinicaVeterinaria] [restartedMain] .e.DevToolsPropertyDefaultsPostProcessor : For additional web related logging consider setting the 'logging.level.web' property to 'DEBUG'
2026-08-27T05:28:43.952+02:00  INFO 2588 --- [ClinicaVeterinaria] [restartedMain] .s.d.r.c.RepositoryConfigurationDelegate : Bootstrapping Spring Data JPA repositories in DEFAULT mode.
2026-08-27T05:28:44.032+02:00  INFO 2588 --- [ClinicaVeterinaria] [restartedMain] .s.d.r.c.RepositoryConfigurationDelegate : Finished Spring Data repository scanning in 70 ms. Found 8 JPA repository interfaces.
2026-08-27T05:28:44.587+02:00  INFO 2588 --- [ClinicaVeterinaria] [restartedMain] o.s.b.w.embedded.tomcat.TomcatWebServer  : Tomcat initialized with port 8080 (http)
2026-08-27T05:28:44.606+02:00  INFO 2588 --- [ClinicaVeterinaria] [restartedMain] o.apache.catalina.core.StandardService   : Starting service [Tomcat]
2026-08-27T05:28:44.607+02:00  INFO 2588 --- [ClinicaVeterinaria] [restartedMain] o.apache.catalina.core.StandardEngine    : Starting Servlet engine: [Apache Tomcat/10.1.30]
2026-08-27T05:28:44.656+02:00  INFO 2588 --- [ClinicaVeterinaria] [restartedMain] o.a.c.c.C.[Tomcat].[localhost].[/]       : Initializing Spring embedded WebApplicationContext
2026-08-27T05:28:44.656+02:00  INFO 2588 --- [ClinicaVeterinaria] [restartedMain] w.s.c.ServletWebServerApplicationContext : Root WebApplicationContext: initialization completed in 1387 ms
2026-08-27T05:28:44.833+02:00  INFO 2588 --- [ClinicaVeterinaria] [restartedMain] o.hibernate.jpa.internal.util.LogHelper  : HHH000204: Processing PersistenceUnitInfo [name: default]
2026-08-27T05:28:44.914+02:00  INFO 2588 --- [ClinicaVeterinaria] [restartedMain] org.hibernate.Version                    : HHH000412: Hibernate ORM core version 6.5.3.Final
2026-08-27T05:28:44.958+02:00  INFO 2588 --- [ClinicaVeterinaria] [restartedMain] o.h.c.internal.RegionFactoryInitiator    : HHH000026: Second-level cache disabled
2026-08-27T05:28:45.284+02:00  INFO 2588 --- [ClinicaVeterinaria] [restartedMain] o.s.o.j.p.SpringPersistenceUnitInfo      : No LoadTimeWeaver setup: ignoring JPA class transformer
2026-08-27T05:28:45.315+02:00  INFO 2588 --- [ClinicaVeterinaria] [restartedMain] com.zaxxer.hikari.HikariDataSource       : HikariPool-1 - Starting...
2026-08-27T05:28:45.493+02:00  INFO 2588 --- [ClinicaVeterinaria] [restartedMain] com.zaxxer.hikari.pool.HikariPool        : HikariPool-1 - Added connection com.mysql.cj.jdbc.ConnectionImpl@15060c6b
2026-08-27T05:28:45.495+02:00  INFO 2588 --- [ClinicaVeterinaria] [restartedMain] com.zaxxer.hikari.HikariDataSource       : HikariPool-1 - Start completed.
2026-08-27T05:28:45.522+02:00  WARN 2588 --- [ClinicaVeterinaria] [restartedMain] org.hibernate.orm.deprecation            : HHH90000025: MySQL8Dialect does not need to be specified explicitly using 'hibernate.dialect' (remove the property setting and it will be selected by default)
2026-08-27T05:28:45.523+02:00  WARN 2588 --- [ClinicaVeterinaria] [restartedMain] org.hibernate.orm.deprecation            : HHH90000026: MySQL8Dialect has been deprecated; use org.hibernate.dialect.MySQLDialect instead
2026-08-27T05:28:46.508+02:00  INFO 2588 --- [ClinicaVeterinaria] [restartedMain] o.h.e.t.j.p.i.JtaPlatformInitiator       : HHH000489: No JTA platform available (set 'hibernate.transaction.jta.platform' to enable JTA platform integration)
2026-08-27T05:28:47.251+02:00  INFO 2588 --- [ClinicaVeterinaria] [restartedMain] j.LocalContainerEntityManagerFactoryBean : Initialized JPA EntityManagerFactory for persistence unit 'default'
2026-08-27T05:28:47.626+02:00  INFO 2588 --- [ClinicaVeterinaria] [restartedMain] o.s.d.j.r.query.QueryEnhancerFactory     : Hibernate is in classpath; If applicable, HQL parser will be used.
2026-08-27T05:28:48.071+02:00  INFO 2588 --- [ClinicaVeterinaria] [restartedMain] r$InitializeUserDetailsManagerConfigurer : Global AuthenticationManager configured with UserDetailsService bean with name usuarioDetailsServiceImpl
2026-08-27T05:28:48.098+02:00  WARN 2588 --- [ClinicaVeterinaria] [restartedMain] JpaBaseConfiguration$JpaWebConfiguration : spring.jpa.open-in-view is enabled by default. Therefore, database queries may be performed during view rendering. Explicitly configure spring.jpa.open-in-view to disable this warning
2026-08-27T05:28:48.457+02:00  WARN 2588 --- [ClinicaVeterinaria] [restartedMain] ion$DefaultTemplateResolverConfiguration : Cannot find template location: classpath:/templates/ (please add some templates, check your Thymeleaf configuration, or set spring.thymeleaf.check-template-location=false)
2026-08-27T05:28:48.551+02:00  INFO 2588 --- [ClinicaVeterinaria] [restartedMain] o.s.b.d.a.OptionalLiveReloadServer       : LiveReload server is running on port 35729
2026-08-27T05:28:48.571+02:00  WARN 2588 --- [ClinicaVeterinaria] [restartedMain] ConfigServletWebServerApplicationContext : Exception encountered during context initialization - cancelling refresh attempt: org.springframework.context.ApplicationContextException: Failed to start bean 'webServerStartStop'
2026-08-27T05:28:48.573+02:00  INFO 2588 --- [ClinicaVeterinaria] [restartedMain] j.LocalContainerEntityManagerFactoryBean : Closing JPA EntityManagerFactory for persistence unit 'default'
2026-08-27T05:28:48.576+02:00  INFO 2588 --- [ClinicaVeterinaria] [restartedMain] com.zaxxer.hikari.HikariDataSource       : HikariPool-1 - Shutdown initiated...
2026-08-27T05:28:48.584+02:00  INFO 2588 --- [ClinicaVeterinaria] [restartedMain] com.zaxxer.hikari.HikariDataSource       : HikariPool-1 - Shutdown completed.
2026-08-27T05:28:48.594+02:00  INFO 2588 --- [ClinicaVeterinaria] [restartedMain] .s.b.a.l.ConditionEvaluationReportLogger : 

Error starting ApplicationContext. To display the condition evaluation report re-run your application with 'debug' enabled.
2026-08-27T05:28:48.616+02:00 ERROR 2588 --- [ClinicaVeterinaria] [restartedMain] o.s.b.d.LoggingFailureAnalysisReporter   : 

***************************
APPLICATION FAILED TO START
***************************

Description:

Web server failed to start. Port 8080 was already in use.

Action:

Identify and stop the process that's listening on port 8080 or configure this application to listen on another port.

2026-08-27T05:29:27.242+02:00  INFO 16896 --- [ClinicaVeterinaria] [restartedMain] c.C.C.ClinicaVeterinariaApplication      : Starting ClinicaVeterinariaApplication using Java 21.0.11 with PID 16896 (C:\Users\sergi\IdeaProjects\clinicaVeterinariaV2\backend\target\classes started by sergi in C:\Users\sergi\IdeaProjects\clinicaVeterinariaV2\backend)
2026-08-27T05:29:27.244+02:00  INFO 16896 --- [ClinicaVeterinaria] [restartedMain] c.C.C.ClinicaVeterinariaApplication      : No active profile set, falling back to 1 default profile: "default"
2026-08-27T05:29:27.286+02:00  INFO 16896 --- [ClinicaVeterinaria] [restartedMain] .e.DevToolsPropertyDefaultsPostProcessor : Devtools property defaults active! Set 'spring.devtools.add-properties' to 'false' to disable
2026-08-27T05:29:27.287+02:00  INFO 16896 --- [ClinicaVeterinaria] [restartedMain] .e.DevToolsPropertyDefaultsPostProcessor : For additional web related logging consider setting the 'logging.level.web' property to 'DEBUG'
2026-08-27T05:29:27.909+02:00  INFO 16896 --- [ClinicaVeterinaria] [restartedMain] .s.d.r.c.RepositoryConfigurationDelegate : Bootstrapping Spring Data JPA repositories in DEFAULT mode.
2026-08-27T05:29:27.997+02:00  INFO 16896 --- [ClinicaVeterinaria] [restartedMain] .s.d.r.c.RepositoryConfigurationDelegate : Finished Spring Data repository scanning in 80 ms. Found 8 JPA repository interfaces.
2026-08-27T05:29:28.570+02:00  INFO 16896 --- [ClinicaVeterinaria] [restartedMain] o.s.b.w.embedded.tomcat.TomcatWebServer  : Tomcat initialized with port 8080 (http)
2026-08-27T05:29:28.586+02:00  INFO 16896 --- [ClinicaVeterinaria] [restartedMain] o.apache.catalina.core.StandardService   : Starting service [Tomcat]
2026-08-27T05:29:28.586+02:00  INFO 16896 --- [ClinicaVeterinaria] [restartedMain] o.apache.catalina.core.StandardEngine    : Starting Servlet engine: [Apache Tomcat/10.1.30]
2026-08-27T05:29:28.629+02:00  INFO 16896 --- [ClinicaVeterinaria] [restartedMain] o.a.c.c.C.[Tomcat].[localhost].[/]       : Initializing Spring embedded WebApplicationContext
2026-08-27T05:29:28.629+02:00  INFO 16896 --- [ClinicaVeterinaria] [restartedMain] w.s.c.ServletWebServerApplicationContext : Root WebApplicationContext: initialization completed in 1342 ms
2026-08-27T05:29:28.790+02:00  INFO 16896 --- [ClinicaVeterinaria] [restartedMain] o.hibernate.jpa.internal.util.LogHelper  : HHH000204: Processing PersistenceUnitInfo [name: default]
2026-08-27T05:29:28.851+02:00  INFO 16896 --- [ClinicaVeterinaria] [restartedMain] org.hibernate.Version                    : HHH000412: Hibernate ORM core version 6.5.3.Final
2026-08-27T05:29:28.897+02:00  INFO 16896 --- [ClinicaVeterinaria] [restartedMain] o.h.c.internal.RegionFactoryInitiator    : HHH000026: Second-level cache disabled
2026-08-27T05:29:29.462+02:00  INFO 16896 --- [ClinicaVeterinaria] [restartedMain] o.s.o.j.p.SpringPersistenceUnitInfo      : No LoadTimeWeaver setup: ignoring JPA class transformer
2026-08-27T05:29:29.604+02:00  INFO 16896 --- [ClinicaVeterinaria] [restartedMain] com.zaxxer.hikari.HikariDataSource       : HikariPool-1 - Starting...
2026-08-27T05:29:30.085+02:00  INFO 16896 --- [ClinicaVeterinaria] [restartedMain] com.zaxxer.hikari.pool.HikariPool        : HikariPool-1 - Added connection com.mysql.cj.jdbc.ConnectionImpl@1fc6338
2026-08-27T05:29:30.087+02:00  INFO 16896 --- [ClinicaVeterinaria] [restartedMain] com.zaxxer.hikari.HikariDataSource       : HikariPool-1 - Start completed.
2026-08-27T05:29:30.114+02:00  WARN 16896 --- [ClinicaVeterinaria] [restartedMain] org.hibernate.orm.deprecation            : HHH90000025: MySQL8Dialect does not need to be specified explicitly using 'hibernate.dialect' (remove the property setting and it will be selected by default)
2026-08-27T05:29:30.119+02:00  WARN 16896 --- [ClinicaVeterinaria] [restartedMain] org.hibernate.orm.deprecation            : HHH90000026: MySQL8Dialect has been deprecated; use org.hibernate.dialect.MySQLDialect instead
2026-08-27T05:29:31.994+02:00  INFO 16896 --- [ClinicaVeterinaria] [restartedMain] o.h.e.t.j.p.i.JtaPlatformInitiator       : HHH000489: No JTA platform available (set 'hibernate.transaction.jta.platform' to enable JTA platform integration)
2026-08-27T05:29:32.376+02:00  INFO 16896 --- [ClinicaVeterinaria] [restartedMain] j.LocalContainerEntityManagerFactoryBean : Initialized JPA EntityManagerFactory for persistence unit 'default'
2026-08-27T05:29:32.880+02:00  INFO 16896 --- [ClinicaVeterinaria] [restartedMain] o.s.d.j.r.query.QueryEnhancerFactory     : Hibernate is in classpath; If applicable, HQL parser will be used.
2026-08-27T05:29:33.605+02:00  INFO 16896 --- [ClinicaVeterinaria] [restartedMain] r$InitializeUserDetailsManagerConfigurer : Global AuthenticationManager configured with UserDetailsService bean with name usuarioDetailsServiceImpl
2026-08-27T05:29:33.639+02:00  WARN 16896 --- [ClinicaVeterinaria] [restartedMain] JpaBaseConfiguration$JpaWebConfiguration : spring.jpa.open-in-view is enabled by default. Therefore, database queries may be performed during view rendering. Explicitly configure spring.jpa.open-in-view to disable this warning
2026-08-27T05:29:34.042+02:00  WARN 16896 --- [ClinicaVeterinaria] [restartedMain] ion$DefaultTemplateResolverConfiguration : Cannot find template location: classpath:/templates/ (please add some templates, check your Thymeleaf configuration, or set spring.thymeleaf.check-template-location=false)
2026-08-27T05:29:34.141+02:00  INFO 16896 --- [ClinicaVeterinaria] [restartedMain] o.s.b.d.a.OptionalLiveReloadServer       : LiveReload server is running on port 35729
2026-08-27T05:29:34.185+02:00  INFO 16896 --- [ClinicaVeterinaria] [restartedMain] o.s.b.w.embedded.tomcat.TomcatWebServer  : Tomcat started on port 8080 (http) with context path '/'
2026-08-27T05:29:34.195+02:00  INFO 16896 --- [ClinicaVeterinaria] [restartedMain] c.C.C.ClinicaVeterinariaApplication      : Started ClinicaVeterinariaApplication in 7.267 seconds (process running for 7.606)
2026-08-27T05:33:21.462+02:00  INFO 22836 --- [ClinicaVeterinaria] [restartedMain] c.C.C.ClinicaVeterinariaApplication      : Starting ClinicaVeterinariaApplication using Java 21.0.11 with PID 22836 (C:\Users\sergi\IdeaProjects\clinicaVeterinariaV2\backend\target\classes started by sergi in C:\Users\sergi\IdeaProjects\clinicaVeterinariaV2\backend)
2026-08-27T05:33:21.464+02:00  INFO 22836 --- [ClinicaVeterinaria] [restartedMain] c.C.C.ClinicaVeterinariaApplication      : No active profile set, falling back to 1 default profile: "default"
2026-08-27T05:33:21.518+02:00  INFO 22836 --- [ClinicaVeterinaria] [restartedMain] .e.DevToolsPropertyDefaultsPostProcessor : Devtools property defaults active! Set 'spring.devtools.add-properties' to 'false' to disable
2026-08-27T05:33:21.519+02:00  INFO 22836 --- [ClinicaVeterinaria] [restartedMain] .e.DevToolsPropertyDefaultsPostProcessor : For additional web related logging consider setting the 'logging.level.web' property to 'DEBUG'
2026-08-27T05:33:22.095+02:00  INFO 22836 --- [ClinicaVeterinaria] [restartedMain] .s.d.r.c.RepositoryConfigurationDelegate : Bootstrapping Spring Data JPA repositories in DEFAULT mode.
2026-08-27T05:33:22.160+02:00  INFO 22836 --- [ClinicaVeterinaria] [restartedMain] .s.d.r.c.RepositoryConfigurationDelegate : Finished Spring Data repository scanning in 60 ms. Found 8 JPA repository interfaces.
2026-08-27T05:33:22.652+02:00  INFO 22836 --- [ClinicaVeterinaria] [restartedMain] o.s.b.w.embedded.tomcat.TomcatWebServer  : Tomcat initialized with port 8080 (http)
2026-08-27T05:33:22.665+02:00  INFO 22836 --- [ClinicaVeterinaria] [restartedMain] o.apache.catalina.core.StandardService   : Starting service [Tomcat]
2026-08-27T05:33:22.665+02:00  INFO 22836 --- [ClinicaVeterinaria] [restartedMain] o.apache.catalina.core.StandardEngine    : Starting Servlet engine: [Apache Tomcat/10.1.30]
2026-08-27T05:33:22.705+02:00  INFO 22836 --- [ClinicaVeterinaria] [restartedMain] o.a.c.c.C.[Tomcat].[localhost].[/]       : Initializing Spring embedded WebApplicationContext
2026-08-27T05:33:22.706+02:00  INFO 22836 --- [ClinicaVeterinaria] [restartedMain] w.s.c.ServletWebServerApplicationContext : Root WebApplicationContext: initialization completed in 1187 ms
2026-08-27T05:33:22.830+02:00  INFO 22836 --- [ClinicaVeterinaria] [restartedMain] o.hibernate.jpa.internal.util.LogHelper  : HHH000204: Processing PersistenceUnitInfo [name: default]
2026-08-27T05:33:22.874+02:00  INFO 22836 --- [ClinicaVeterinaria] [restartedMain] org.hibernate.Version                    : HHH000412: Hibernate ORM core version 6.5.3.Final
2026-08-27T05:33:22.906+02:00  INFO 22836 --- [ClinicaVeterinaria] [restartedMain] o.h.c.internal.RegionFactoryInitiator    : HHH000026: Second-level cache disabled
2026-08-27T05:33:23.140+02:00  INFO 22836 --- [ClinicaVeterinaria] [restartedMain] o.s.o.j.p.SpringPersistenceUnitInfo      : No LoadTimeWeaver setup: ignoring JPA class transformer
2026-08-27T05:33:23.163+02:00  INFO 22836 --- [ClinicaVeterinaria] [restartedMain] com.zaxxer.hikari.HikariDataSource       : HikariPool-1 - Starting...
2026-08-27T05:33:24.277+02:00  WARN 22836 --- [ClinicaVeterinaria] [restartedMain] o.h.engine.jdbc.spi.SqlExceptionHelper   : SQL Error: 0, SQLState: 08S01
2026-08-27T05:33:24.278+02:00 ERROR 22836 --- [ClinicaVeterinaria] [restartedMain] o.h.engine.jdbc.spi.SqlExceptionHelper   : Communications link failure

The last packet sent successfully to the server was 0 milliseconds ago. The driver has not received any packets from the server.
2026-08-27T05:33:24.278+02:00  WARN 22836 --- [ClinicaVeterinaria] [restartedMain] o.h.e.j.e.i.JdbcEnvironmentInitiator     : HHH000342: Could not obtain connection to query metadata

org.hibernate.exception.JDBCConnectionException: unable to obtain isolated JDBC connection [Communications link failure

The last packet sent successfully to the server was 0 milliseconds ago. The driver has not received any packets from the server.] [n/a]
	at org.hibernate.exception.internal.SQLStateConversionDelegate.convert(SQLStateConversionDelegate.java:100) ~[hibernate-core-6.5.3.Final.jar:6.5.3.Final]
	at org.hibernate.exception.internal.StandardSQLExceptionConverter.convert(StandardSQLExceptionConverter.java:58) ~[hibernate-core-6.5.3.Final.jar:6.5.3.Final]
	at org.hibernate.engine.jdbc.spi.SqlExceptionHelper.convert(SqlExceptionHelper.java:108) ~[hibernate-core-6.5.3.Final.jar:6.5.3.Final]
	at org.hibernate.engine.jdbc.spi.SqlExceptionHelper.convert(SqlExceptionHelper.java:94) ~[hibernate-core-6.5.3.Final.jar:6.5.3.Final]
	at org.hibernate.resource.transaction.backend.jdbc.internal.JdbcIsolationDelegate.delegateWork(JdbcIsolationDelegate.java:116) ~[hibernate-core-6.5.3.Final.jar:6.5.3.Final]
	at org.hibernate.engine.jdbc.env.internal.JdbcEnvironmentInitiator.getJdbcEnvironmentUsingJdbcMetadata(JdbcEnvironmentInitiator.java:292) ~[hibernate-core-6.5.3.Final.jar:6.5.3.Final]
	at org.hibernate.engine.jdbc.env.internal.JdbcEnvironmentInitiator.initiateService(JdbcEnvironmentInitiator.java:124) ~[hibernate-core-6.5.3.Final.jar:6.5.3.Final]
	at org.hibernate.engine.jdbc.env.internal.JdbcEnvironmentInitiator.initiateService(JdbcEnvironmentInitiator.java:78) ~[hibernate-core-6.5.3.Final.jar:6.5.3.Final]
	at org.hibernate.boot.registry.internal.StandardServiceRegistryImpl.initiateService(StandardServiceRegistryImpl.java:130) ~[hibernate-core-6.5.3.Final.jar:6.5.3.Final]
	at org.hibernate.service.internal.AbstractServiceRegistryImpl.createService(AbstractServiceRegistryImpl.java:263) ~[hibernate-core-6.5.3.Final.jar:6.5.3.Final]
	at org.hibernate.service.internal.AbstractServiceRegistryImpl.initializeService(AbstractServiceRegistryImpl.java:238) ~[hibernate-core-6.5.3.Final.jar:6.5.3.Final]
	at org.hibernate.service.internal.AbstractServiceRegistryImpl.getService(AbstractServiceRegistryImpl.java:215) ~[hibernate-core-6.5.3.Final.jar:6.5.3.Final]
	at org.hibernate.boot.model.relational.Database.<init>(Database.java:45) ~[hibernate-core-6.5.3.Final.jar:6.5.3.Final]
	at org.hibernate.boot.internal.InFlightMetadataCollectorImpl.getDatabase(InFlightMetadataCollectorImpl.java:221) ~[hibernate-core-6.5.3.Final.jar:6.5.3.Final]
	at org.hibernate.boot.internal.InFlightMetadataCollectorImpl.<init>(InFlightMetadataCollectorImpl.java:189) ~[hibernate-core-6.5.3.Final.jar:6.5.3.Final]
	at org.hibernate.boot.model.process.spi.MetadataBuildingProcess.complete(MetadataBuildingProcess.java:171) ~[hibernate-core-6.5.3.Final.jar:6.5.3.Final]
	at org.hibernate.jpa.boot.internal.EntityManagerFactoryBuilderImpl.metadata(EntityManagerFactoryBuilderImpl.java:1431) ~[hibernate-core-6.5.3.Final.jar:6.5.3.Final]
	at org.hibernate.jpa.boot.internal.EntityManagerFactoryBuilderImpl.build(EntityManagerFactoryBuilderImpl.java:1502) ~[hibernate-core-6.5.3.Final.jar:6.5.3.Final]
	at org.springframework.orm.jpa.vendor.SpringHibernateJpaPersistenceProvider.createContainerEntityManagerFactory(SpringHibernateJpaPersistenceProvider.java:75) ~[spring-orm-6.1.13.jar:6.1.13]
	at org.springframework.orm.jpa.LocalContainerEntityManagerFactoryBean.createNativeEntityManagerFactory(LocalContainerEntityManagerFactoryBean.java:390) ~[spring-orm-6.1.13.jar:6.1.13]
	at org.springframework.orm.jpa.AbstractEntityManagerFactoryBean.buildNativeEntityManagerFactory(AbstractEntityManagerFactoryBean.java:409) ~[spring-orm-6.1.13.jar:6.1.13]
	at org.springframework.orm.jpa.AbstractEntityManagerFactoryBean.afterPropertiesSet(AbstractEntityManagerFactoryBean.java:396) ~[spring-orm-6.1.13.jar:6.1.13]
	at org.springframework.orm.jpa.LocalContainerEntityManagerFactoryBean.afterPropertiesSet(LocalContainerEntityManagerFactoryBean.java:366) ~[spring-orm-6.1.13.jar:6.1.13]
	at org.springframework.beans.factory.support.AbstractAutowireCapableBeanFactory.invokeInitMethods(AbstractAutowireCapableBeanFactory.java:1853) ~[spring-beans-6.1.13.jar:6.1.13]
	at org.springframework.beans.factory.support.AbstractAutowireCapableBeanFactory.initializeBean(AbstractAutowireCapableBeanFactory.java:1802) ~[spring-beans-6.1.13.jar:6.1.13]
	at org.springframework.beans.factory.support.AbstractAutowireCapableBeanFactory.doCreateBean(AbstractAutowireCapableBeanFactory.java:600) ~[spring-beans-6.1.13.jar:6.1.13]
	at org.springframework.beans.factory.support.AbstractAutowireCapableBeanFactory.createBean(AbstractAutowireCapableBeanFactory.java:522) ~[spring-beans-6.1.13.jar:6.1.13]
	at org.springframework.beans.factory.support.AbstractBeanFactory.lambda$doGetBean$0(AbstractBeanFactory.java:337) ~[spring-beans-6.1.13.jar:6.1.13]
	at org.springframework.beans.factory.support.DefaultSingletonBeanRegistry.getSingleton(DefaultSingletonBeanRegistry.java:234) ~[spring-beans-6.1.13.jar:6.1.13]
	at org.springframework.beans.factory.support.AbstractBeanFactory.doGetBean(AbstractBeanFactory.java:335) ~[spring-beans-6.1.13.jar:6.1.13]
	at org.springframework.beans.factory.support.AbstractBeanFactory.getBean(AbstractBeanFactory.java:205) ~[spring-beans-6.1.13.jar:6.1.13]
	at org.springframework.context.support.AbstractApplicationContext.finishBeanFactoryInitialization(AbstractApplicationContext.java:954) ~[spring-context-6.1.13.jar:6.1.13]
	at org.springframework.context.support.AbstractApplicationContext.refresh(AbstractApplicationContext.java:625) ~[spring-context-6.1.13.jar:6.1.13]
	at org.springframework.boot.web.servlet.context.ServletWebServerApplicationContext.refresh(ServletWebServerApplicationContext.java:146) ~[spring-boot-3.3.4.jar:3.3.4]
	at org.springframework.boot.SpringApplication.refresh(SpringApplication.java:754) ~[spring-boot-3.3.4.jar:3.3.4]
	at org.springframework.boot.SpringApplication.refreshContext(SpringApplication.java:456) ~[spring-boot-3.3.4.jar:3.3.4]
	at org.springframework.boot.SpringApplication.run(SpringApplication.java:335) ~[spring-boot-3.3.4.jar:3.3.4]
	at org.springframework.boot.SpringApplication.run(SpringApplication.java:1363) ~[spring-boot-3.3.4.jar:3.3.4]
	at org.springframework.boot.SpringApplication.run(SpringApplication.java:1352) ~[spring-boot-3.3.4.jar:3.3.4]
	at com.ClinicaVeterinaria.ClinicaVeterinaria.ClinicaVeterinariaApplication.main(ClinicaVeterinariaApplication.java:10) ~[classes/:na]
	at java.base/jdk.internal.reflect.DirectMethodHandleAccessor.invoke(DirectMethodHandleAccessor.java:103) ~[na:na]
	at java.base/java.lang.reflect.Method.invoke(Method.java:580) ~[na:na]
	at org.springframework.boot.devtools.restart.RestartLauncher.run(RestartLauncher.java:50) ~[spring-boot-devtools-3.3.4.jar:3.3.4]
Caused by: com.mysql.cj.jdbc.exceptions.CommunicationsException: Communications link failure

The last packet sent successfully to the server was 0 milliseconds ago. The driver has not received any packets from the server.
	at com.mysql.cj.jdbc.exceptions.SQLError.createCommunicationsException(SQLError.java:174) ~[mysql-connector-j-8.3.0.jar:8.3.0]
	at com.mysql.cj.jdbc.exceptions.SQLExceptionsMapping.translateException(SQLExceptionsMapping.java:64) ~[mysql-connector-j-8.3.0.jar:8.3.0]
	at com.mysql.cj.jdbc.ConnectionImpl.createNewIO(ConnectionImpl.java:815) ~[mysql-connector-j-8.3.0.jar:8.3.0]
	at com.mysql.cj.jdbc.ConnectionImpl.<init>(ConnectionImpl.java:438) ~[mysql-connector-j-8.3.0.jar:8.3.0]
	at com.mysql.cj.jdbc.ConnectionImpl.getInstance(ConnectionImpl.java:241) ~[mysql-connector-j-8.3.0.jar:8.3.0]
	at com.mysql.cj.jdbc.NonRegisteringDriver.connect(NonRegisteringDriver.java:189) ~[mysql-connector-j-8.3.0.jar:8.3.0]
	at com.zaxxer.hikari.util.DriverDataSource.getConnection(DriverDataSource.java:137) ~[HikariCP-5.1.0.jar:na]
	at com.zaxxer.hikari.pool.PoolBase.newConnection(PoolBase.java:360) ~[HikariCP-5.1.0.jar:na]
	at com.zaxxer.hikari.pool.PoolBase.newPoolEntry(PoolBase.java:202) ~[HikariCP-5.1.0.jar:na]
	at com.zaxxer.hikari.pool.HikariPool.createPoolEntry(HikariPool.java:461) ~[HikariCP-5.1.0.jar:na]
	at com.zaxxer.hikari.pool.HikariPool.checkFailFast(HikariPool.java:550) ~[HikariCP-5.1.0.jar:na]
	at com.zaxxer.hikari.pool.HikariPool.<init>(HikariPool.java:98) ~[HikariCP-5.1.0.jar:na]
	at com.zaxxer.hikari.HikariDataSource.getConnection(HikariDataSource.java:111) ~[HikariCP-5.1.0.jar:na]
	at org.hibernate.engine.jdbc.connections.internal.DatasourceConnectionProviderImpl.getConnection(DatasourceConnectionProviderImpl.java:122) ~[hibernate-core-6.5.3.Final.jar:6.5.3.Final]
	at org.hibernate.engine.jdbc.env.internal.JdbcEnvironmentInitiator$ConnectionProviderJdbcConnectionAccess.obtainConnection(JdbcEnvironmentInitiator.java:439) ~[hibernate-core-6.5.3.Final.jar:6.5.3.Final]
	at org.hibernate.resource.transaction.backend.jdbc.internal.JdbcIsolationDelegate.delegateWork(JdbcIsolationDelegate.java:61) ~[hibernate-core-6.5.3.Final.jar:6.5.3.Final]
	... 38 common frames omitted
Caused by: com.mysql.cj.exceptions.CJCommunicationsException: Communications link failure

The last packet sent successfully to the server was 0 milliseconds ago. The driver has not received any packets from the server.
	at java.base/jdk.internal.reflect.DirectConstructorHandleAccessor.newInstance(DirectConstructorHandleAccessor.java:62) ~[na:na]
	at java.base/java.lang.reflect.Constructor.newInstanceWithCaller(Constructor.java:502) ~[na:na]
	at java.base/java.lang.reflect.Constructor.newInstance(Constructor.java:486) ~[na:na]
	at com.mysql.cj.exceptions.ExceptionFactory.createException(ExceptionFactory.java:61) ~[mysql-connector-j-8.3.0.jar:8.3.0]
	at com.mysql.cj.exceptions.ExceptionFactory.createException(ExceptionFactory.java:104) ~[mysql-connector-j-8.3.0.jar:8.3.0]
	at com.mysql.cj.exceptions.ExceptionFactory.createException(ExceptionFactory.java:149) ~[mysql-connector-j-8.3.0.jar:8.3.0]
	at com.mysql.cj.exceptions.ExceptionFactory.createCommunicationsException(ExceptionFactory.java:165) ~[mysql-connector-j-8.3.0.jar:8.3.0]
	at com.mysql.cj.protocol.a.NativeSocketConnection.connect(NativeSocketConnection.java:88) ~[mysql-connector-j-8.3.0.jar:8.3.0]
	at com.mysql.cj.NativeSession.connect(NativeSession.java:120) ~[mysql-connector-j-8.3.0.jar:8.3.0]
	at com.mysql.cj.jdbc.ConnectionImpl.connectOneTryOnly(ConnectionImpl.java:935) ~[mysql-connector-j-8.3.0.jar:8.3.0]
	at com.mysql.cj.jdbc.ConnectionImpl.createNewIO(ConnectionImpl.java:805) ~[mysql-connector-j-8.3.0.jar:8.3.0]
	... 51 common frames omitted
Caused by: java.net.ConnectException: Connection refused: getsockopt
	at java.base/sun.nio.ch.Net.pollConnect(Native Method) ~[na:na]
	at java.base/sun.nio.ch.Net.pollConnectNow(Net.java:690) ~[na:na]
	at java.base/sun.nio.ch.NioSocketImpl.timedFinishConnect(NioSocketImpl.java:542) ~[na:na]
	at java.base/sun.nio.ch.NioSocketImpl.connect(NioSocketImpl.java:592) ~[na:na]
	at java.base/java.net.SocksSocketImpl.connect(SocksSocketImpl.java:327) ~[na:na]
	at java.base/java.net.Socket.connect(Socket.java:751) ~[na:na]
	at com.mysql.cj.protocol.StandardSocketFactory.connect(StandardSocketFactory.java:153) ~[mysql-connector-j-8.3.0.jar:8.3.0]
	at com.mysql.cj.protocol.a.NativeSocketConnection.connect(NativeSocketConnection.java:62) ~[mysql-connector-j-8.3.0.jar:8.3.0]
	... 54 common frames omitted

2026-08-27T05:33:24.298+02:00  WARN 22836 --- [ClinicaVeterinaria] [restartedMain] org.hibernate.orm.deprecation            : HHH90000025: MySQL8Dialect does not need to be specified explicitly using 'hibernate.dialect' (remove the property setting and it will be selected by default)
2026-08-27T05:33:24.300+02:00  WARN 22836 --- [ClinicaVeterinaria] [restartedMain] org.hibernate.orm.deprecation            : HHH90000026: MySQL8Dialect has been deprecated; use org.hibernate.dialect.MySQLDialect instead
2026-08-27T05:33:25.192+02:00  INFO 22836 --- [ClinicaVeterinaria] [restartedMain] o.h.e.t.j.p.i.JtaPlatformInitiator       : HHH000489: No JTA platform available (set 'hibernate.transaction.jta.platform' to enable JTA platform integration)
2026-08-27T05:33:25.215+02:00  INFO 22836 --- [ClinicaVeterinaria] [restartedMain] com.zaxxer.hikari.HikariDataSource       : HikariPool-1 - Starting...
2026-08-27T05:33:26.243+02:00  WARN 22836 --- [ClinicaVeterinaria] [restartedMain] o.h.engine.jdbc.spi.SqlExceptionHelper   : SQL Error: 0, SQLState: 08S01
2026-08-27T05:33:26.243+02:00 ERROR 22836 --- [ClinicaVeterinaria] [restartedMain] o.h.engine.jdbc.spi.SqlExceptionHelper   : Communications link failure

The last packet sent successfully to the server was 0 milliseconds ago. The driver has not received any packets from the server.
2026-08-27T05:33:26.246+02:00 ERROR 22836 --- [ClinicaVeterinaria] [restartedMain] j.LocalContainerEntityManagerFactoryBean : Failed to initialize JPA EntityManagerFactory: [PersistenceUnit: default] Unable to build Hibernate SessionFactory; nested exception is org.hibernate.exception.JDBCConnectionException: Unable to open JDBC Connection for DDL execution [Communications link failure

The last packet sent successfully to the server was 0 milliseconds ago. The driver has not received any packets from the server.] [n/a]
2026-08-27T05:33:26.247+02:00  WARN 22836 --- [ClinicaVeterinaria] [restartedMain] ConfigServletWebServerApplicationContext : Exception encountered during context initialization - cancelling refresh attempt: org.springframework.beans.factory.BeanCreationException: Error creating bean with name 'entityManagerFactory' defined in class path resource [org/springframework/boot/autoconfigure/orm/jpa/HibernateJpaConfiguration.class]: [PersistenceUnit: default] Unable to build Hibernate SessionFactory; nested exception is org.hibernate.exception.JDBCConnectionException: Unable to open JDBC Connection for DDL execution [Communications link failure

The last packet sent successfully to the server was 0 milliseconds ago. The driver has not received any packets from the server.] [n/a]
2026-08-27T05:33:26.249+02:00  INFO 22836 --- [ClinicaVeterinaria] [restartedMain] o.apache.catalina.core.StandardService   : Stopping service [Tomcat]
2026-08-27T05:33:26.257+02:00  INFO 22836 --- [ClinicaVeterinaria] [restartedMain] .s.b.a.l.ConditionEvaluationReportLogger : 

Error starting ApplicationContext. To display the condition evaluation report re-run your application with 'debug' enabled.
2026-08-27T05:33:26.273+02:00 ERROR 22836 --- [ClinicaVeterinaria] [restartedMain] o.s.boot.SpringApplication               : Application run failed

org.springframework.beans.factory.BeanCreationException: Error creating bean with name 'entityManagerFactory' defined in class path resource [org/springframework/boot/autoconfigure/orm/jpa/HibernateJpaConfiguration.class]: [PersistenceUnit: default] Unable to build Hibernate SessionFactory; nested exception is org.hibernate.exception.JDBCConnectionException: Unable to open JDBC Connection for DDL execution [Communications link failure

The last packet sent successfully to the server was 0 milliseconds ago. The driver has not received any packets from the server.] [n/a]
	at org.springframework.beans.factory.support.AbstractAutowireCapableBeanFactory.initializeBean(AbstractAutowireCapableBeanFactory.java:1806) ~[spring-beans-6.1.13.jar:6.1.13]
	at org.springframework.beans.factory.support.AbstractAutowireCapableBeanFactory.doCreateBean(AbstractAutowireCapableBeanFactory.java:600) ~[spring-beans-6.1.13.jar:6.1.13]
	at org.springframework.beans.factory.support.AbstractAutowireCapableBeanFactory.createBean(AbstractAutowireCapableBeanFactory.java:522) ~[spring-beans-6.1.13.jar:6.1.13]
	at org.springframework.beans.factory.support.AbstractBeanFactory.lambda$doGetBean$0(AbstractBeanFactory.java:337) ~[spring-beans-6.1.13.jar:6.1.13]
	at org.springframework.beans.factory.support.DefaultSingletonBeanRegistry.getSingleton(DefaultSingletonBeanRegistry.java:234) ~[spring-beans-6.1.13.jar:6.1.13]
	at org.springframework.beans.factory.support.AbstractBeanFactory.doGetBean(AbstractBeanFactory.java:335) ~[spring-beans-6.1.13.jar:6.1.13]
	at org.springframework.beans.factory.support.AbstractBeanFactory.getBean(AbstractBeanFactory.java:205) ~[spring-beans-6.1.13.jar:6.1.13]
	at org.springframework.context.support.AbstractApplicationContext.finishBeanFactoryInitialization(AbstractApplicationContext.java:954) ~[spring-context-6.1.13.jar:6.1.13]
	at org.springframework.context.support.AbstractApplicationContext.refresh(AbstractApplicationContext.java:625) ~[spring-context-6.1.13.jar:6.1.13]
	at org.springframework.boot.web.servlet.context.ServletWebServerApplicationContext.refresh(ServletWebServerApplicationContext.java:146) ~[spring-boot-3.3.4.jar:3.3.4]
	at org.springframework.boot.SpringApplication.refresh(SpringApplication.java:754) ~[spring-boot-3.3.4.jar:3.3.4]
	at org.springframework.boot.SpringApplication.refreshContext(SpringApplication.java:456) ~[spring-boot-3.3.4.jar:3.3.4]
	at org.springframework.boot.SpringApplication.run(SpringApplication.java:335) ~[spring-boot-3.3.4.jar:3.3.4]
	at org.springframework.boot.SpringApplication.run(SpringApplication.java:1363) ~[spring-boot-3.3.4.jar:3.3.4]
	at org.springframework.boot.SpringApplication.run(SpringApplication.java:1352) ~[spring-boot-3.3.4.jar:3.3.4]
	at com.ClinicaVeterinaria.ClinicaVeterinaria.ClinicaVeterinariaApplication.main(ClinicaVeterinariaApplication.java:10) ~[classes/:na]
	at java.base/jdk.internal.reflect.DirectMethodHandleAccessor.invoke(DirectMethodHandleAccessor.java:103) ~[na:na]
	at java.base/java.lang.reflect.Method.invoke(Method.java:580) ~[na:na]
	at org.springframework.boot.devtools.restart.RestartLauncher.run(RestartLauncher.java:50) ~[spring-boot-devtools-3.3.4.jar:3.3.4]
Caused by: jakarta.persistence.PersistenceException: [PersistenceUnit: default] Unable to build Hibernate SessionFactory; nested exception is org.hibernate.exception.JDBCConnectionException: Unable to open JDBC Connection for DDL execution [Communications link failure

The last packet sent successfully to the server was 0 milliseconds ago. The driver has not received any packets from the server.] [n/a]
	at org.springframework.orm.jpa.AbstractEntityManagerFactoryBean.buildNativeEntityManagerFactory(AbstractEntityManagerFactoryBean.java:421) ~[spring-orm-6.1.13.jar:6.1.13]
	at org.springframework.orm.jpa.AbstractEntityManagerFactoryBean.afterPropertiesSet(AbstractEntityManagerFactoryBean.java:396) ~[spring-orm-6.1.13.jar:6.1.13]
	at org.springframework.orm.jpa.LocalContainerEntityManagerFactoryBean.afterPropertiesSet(LocalContainerEntityManagerFactoryBean.java:366) ~[spring-orm-6.1.13.jar:6.1.13]
	at org.springframework.beans.factory.support.AbstractAutowireCapableBeanFactory.invokeInitMethods(AbstractAutowireCapableBeanFactory.java:1853) ~[spring-beans-6.1.13.jar:6.1.13]
	at org.springframework.beans.factory.support.AbstractAutowireCapableBeanFactory.initializeBean(AbstractAutowireCapableBeanFactory.java:1802) ~[spring-beans-6.1.13.jar:6.1.13]
	... 18 common frames omitted
Caused by: org.hibernate.exception.JDBCConnectionException: Unable to open JDBC Connection for DDL execution [Communications link failure

The last packet sent successfully to the server was 0 milliseconds ago. The driver has not received any packets from the server.] [n/a]
	at org.hibernate.exception.internal.SQLStateConversionDelegate.convert(SQLStateConversionDelegate.java:100) ~[hibernate-core-6.5.3.Final.jar:6.5.3.Final]
	at org.hibernate.exception.internal.StandardSQLExceptionConverter.convert(StandardSQLExceptionConverter.java:58) ~[hibernate-core-6.5.3.Final.jar:6.5.3.Final]
	at org.hibernate.engine.jdbc.spi.SqlExceptionHelper.convert(SqlExceptionHelper.java:108) ~[hibernate-core-6.5.3.Final.jar:6.5.3.Final]
	at org.hibernate.engine.jdbc.spi.SqlExceptionHelper.convert(SqlExceptionHelper.java:94) ~[hibernate-core-6.5.3.Final.jar:6.5.3.Final]
	at org.hibernate.resource.transaction.backend.jdbc.internal.DdlTransactionIsolatorNonJtaImpl.getIsolatedConnection(DdlTransactionIsolatorNonJtaImpl.java:74) ~[hibernate-core-6.5.3.Final.jar:6.5.3.Final]
	at org.hibernate.resource.transaction.backend.jdbc.internal.DdlTransactionIsolatorNonJtaImpl.getIsolatedConnection(DdlTransactionIsolatorNonJtaImpl.java:39) ~[hibernate-core-6.5.3.Final.jar:6.5.3.Final]
	at org.hibernate.tool.schema.internal.exec.ImprovedExtractionContextImpl.getJdbcConnection(ImprovedExtractionContextImpl.java:63) ~[hibernate-core-6.5.3.Final.jar:6.5.3.Final]
	at org.hibernate.tool.schema.internal.exec.ImprovedExtractionContextImpl.getJdbcDatabaseMetaData(ImprovedExtractionContextImpl.java:70) ~[hibernate-core-6.5.3.Final.jar:6.5.3.Final]
	at org.hibernate.tool.schema.extract.internal.InformationExtractorJdbcDatabaseMetaDataImpl.processTableResultSet(InformationExtractorJdbcDatabaseMetaDataImpl.java:65) ~[hibernate-core-6.5.3.Final.jar:6.5.3.Final]
	at org.hibernate.tool.schema.extract.internal.AbstractInformationExtractorImpl.getTables(AbstractInformationExtractorImpl.java:570) ~[hibernate-core-6.5.3.Final.jar:6.5.3.Final]
	at org.hibernate.tool.schema.extract.internal.DatabaseInformationImpl.getTablesInformation(DatabaseInformationImpl.java:122) ~[hibernate-core-6.5.3.Final.jar:6.5.3.Final]
	at org.hibernate.tool.schema.internal.GroupedSchemaMigratorImpl.performTablesMigration(GroupedSchemaMigratorImpl.java:72) ~[hibernate-core-6.5.3.Final.jar:6.5.3.Final]
	at org.hibernate.tool.schema.internal.AbstractSchemaMigrator.performMigration(AbstractSchemaMigrator.java:240) ~[hibernate-core-6.5.3.Final.jar:6.5.3.Final]
	at org.hibernate.tool.schema.internal.AbstractSchemaMigrator.doMigration(AbstractSchemaMigrator.java:119) ~[hibernate-core-6.5.3.Final.jar:6.5.3.Final]
	at org.hibernate.tool.schema.spi.SchemaManagementToolCoordinator.performDatabaseAction(SchemaManagementToolCoordinator.java:280) ~[hibernate-core-6.5.3.Final.jar:6.5.3.Final]
	at org.hibernate.tool.schema.spi.SchemaManagementToolCoordinator.lambda$process$5(SchemaManagementToolCoordinator.java:144) ~[hibernate-core-6.5.3.Final.jar:6.5.3.Final]
	at java.base/java.util.HashMap.forEach(HashMap.java:1429) ~[na:na]
	at org.hibernate.tool.schema.spi.SchemaManagementToolCoordinator.process(SchemaManagementToolCoordinator.java:141) ~[hibernate-core-6.5.3.Final.jar:6.5.3.Final]
	at org.hibernate.boot.internal.SessionFactoryObserverForSchemaExport.sessionFactoryCreated(SessionFactoryObserverForSchemaExport.java:37) ~[hibernate-core-6.5.3.Final.jar:6.5.3.Final]
	at org.hibernate.internal.SessionFactoryObserverChain.sessionFactoryCreated(SessionFactoryObserverChain.java:35) ~[hibernate-core-6.5.3.Final.jar:6.5.3.Final]
	at org.hibernate.internal.SessionFactoryImpl.<init>(SessionFactoryImpl.java:322) ~[hibernate-core-6.5.3.Final.jar:6.5.3.Final]
	at org.hibernate.boot.internal.SessionFactoryBuilderImpl.build(SessionFactoryBuilderImpl.java:457) ~[hibernate-core-6.5.3.Final.jar:6.5.3.Final]
	at org.hibernate.jpa.boot.internal.EntityManagerFactoryBuilderImpl.build(EntityManagerFactoryBuilderImpl.java:1506) ~[hibernate-core-6.5.3.Final.jar:6.5.3.Final]
	at org.springframework.orm.jpa.vendor.SpringHibernateJpaPersistenceProvider.createContainerEntityManagerFactory(SpringHibernateJpaPersistenceProvider.java:75) ~[spring-orm-6.1.13.jar:6.1.13]
	at org.springframework.orm.jpa.LocalContainerEntityManagerFactoryBean.createNativeEntityManagerFactory(LocalContainerEntityManagerFactoryBean.java:390) ~[spring-orm-6.1.13.jar:6.1.13]
	at org.springframework.orm.jpa.AbstractEntityManagerFactoryBean.buildNativeEntityManagerFactory(AbstractEntityManagerFactoryBean.java:409) ~[spring-orm-6.1.13.jar:6.1.13]
	... 22 common frames omitted
Caused by: com.mysql.cj.jdbc.exceptions.CommunicationsException: Communications link failure

The last packet sent successfully to the server was 0 milliseconds ago. The driver has not received any packets from the server.
	at com.mysql.cj.jdbc.exceptions.SQLError.createCommunicationsException(SQLError.java:174) ~[mysql-connector-j-8.3.0.jar:8.3.0]
	at com.mysql.cj.jdbc.exceptions.SQLExceptionsMapping.translateException(SQLExceptionsMapping.java:64) ~[mysql-connector-j-8.3.0.jar:8.3.0]
	at com.mysql.cj.jdbc.ConnectionImpl.createNewIO(ConnectionImpl.java:815) ~[mysql-connector-j-8.3.0.jar:8.3.0]
	at com.mysql.cj.jdbc.ConnectionImpl.<init>(ConnectionImpl.java:438) ~[mysql-connector-j-8.3.0.jar:8.3.0]
	at com.mysql.cj.jdbc.ConnectionImpl.getInstance(ConnectionImpl.java:241) ~[mysql-connector-j-8.3.0.jar:8.3.0]
	at com.mysql.cj.jdbc.NonRegisteringDriver.connect(NonRegisteringDriver.java:189) ~[mysql-connector-j-8.3.0.jar:8.3.0]
	at com.zaxxer.hikari.util.DriverDataSource.getConnection(DriverDataSource.java:137) ~[HikariCP-5.1.0.jar:na]
	at com.zaxxer.hikari.pool.PoolBase.newConnection(PoolBase.java:360) ~[HikariCP-5.1.0.jar:na]
	at com.zaxxer.hikari.pool.PoolBase.newPoolEntry(PoolBase.java:202) ~[HikariCP-5.1.0.jar:na]
	at com.zaxxer.hikari.pool.HikariPool.createPoolEntry(HikariPool.java:461) ~[HikariCP-5.1.0.jar:na]
	at com.zaxxer.hikari.pool.HikariPool.checkFailFast(HikariPool.java:550) ~[HikariCP-5.1.0.jar:na]
	at com.zaxxer.hikari.pool.HikariPool.<init>(HikariPool.java:98) ~[HikariCP-5.1.0.jar:na]
	at com.zaxxer.hikari.HikariDataSource.getConnection(HikariDataSource.java:111) ~[HikariCP-5.1.0.jar:na]
	at org.hibernate.engine.jdbc.connections.internal.DatasourceConnectionProviderImpl.getConnection(DatasourceConnectionProviderImpl.java:122) ~[hibernate-core-6.5.3.Final.jar:6.5.3.Final]
	at org.hibernate.engine.jdbc.env.internal.JdbcEnvironmentInitiator$ConnectionProviderJdbcConnectionAccess.obtainConnection(JdbcEnvironmentInitiator.java:439) ~[hibernate-core-6.5.3.Final.jar:6.5.3.Final]
	at org.hibernate.resource.transaction.backend.jdbc.internal.DdlTransactionIsolatorNonJtaImpl.getIsolatedConnection(DdlTransactionIsolatorNonJtaImpl.java:46) ~[hibernate-core-6.5.3.Final.jar:6.5.3.Final]
	... 43 common frames omitted
Caused by: com.mysql.cj.exceptions.CJCommunicationsException: Communications link failure

The last packet sent successfully to the server was 0 milliseconds ago. The driver has not received any packets from the server.
	at java.base/jdk.internal.reflect.DirectConstructorHandleAccessor.newInstance(DirectConstructorHandleAccessor.java:62) ~[na:na]
	at java.base/java.lang.reflect.Constructor.newInstanceWithCaller(Constructor.java:502) ~[na:na]
	at java.base/java.lang.reflect.Constructor.newInstance(Constructor.java:486) ~[na:na]
	at com.mysql.cj.exceptions.ExceptionFactory.createException(ExceptionFactory.java:61) ~[mysql-connector-j-8.3.0.jar:8.3.0]
	at com.mysql.cj.exceptions.ExceptionFactory.createException(ExceptionFactory.java:104) ~[mysql-connector-j-8.3.0.jar:8.3.0]
	at com.mysql.cj.exceptions.ExceptionFactory.createException(ExceptionFactory.java:149) ~[mysql-connector-j-8.3.0.jar:8.3.0]
	at com.mysql.cj.exceptions.ExceptionFactory.createCommunicationsException(ExceptionFactory.java:165) ~[mysql-connector-j-8.3.0.jar:8.3.0]
	at com.mysql.cj.protocol.a.NativeSocketConnection.connect(NativeSocketConnection.java:88) ~[mysql-connector-j-8.3.0.jar:8.3.0]
	at com.mysql.cj.NativeSession.connect(NativeSession.java:120) ~[mysql-connector-j-8.3.0.jar:8.3.0]
	at com.mysql.cj.jdbc.ConnectionImpl.connectOneTryOnly(ConnectionImpl.java:935) ~[mysql-connector-j-8.3.0.jar:8.3.0]
	at com.mysql.cj.jdbc.ConnectionImpl.createNewIO(ConnectionImpl.java:805) ~[mysql-connector-j-8.3.0.jar:8.3.0]
	... 56 common frames omitted
Caused by: java.net.ConnectException: Connection refused: getsockopt
	at java.base/sun.nio.ch.Net.pollConnect(Native Method) ~[na:na]
	at java.base/sun.nio.ch.Net.pollConnectNow(Net.java:690) ~[na:na]
	at java.base/sun.nio.ch.NioSocketImpl.timedFinishConnect(NioSocketImpl.java:542) ~[na:na]
	at java.base/sun.nio.ch.NioSocketImpl.connect(NioSocketImpl.java:592) ~[na:na]
	at java.base/java.net.SocksSocketImpl.connect(SocksSocketImpl.java:327) ~[na:na]
	at java.base/java.net.Socket.connect(Socket.java:751) ~[na:na]
	at com.mysql.cj.protocol.StandardSocketFactory.connect(StandardSocketFactory.java:153) ~[mysql-connector-j-8.3.0.jar:8.3.0]
	at com.mysql.cj.protocol.a.NativeSocketConnection.connect(NativeSocketConnection.java:62) ~[mysql-connector-j-8.3.0.jar:8.3.0]
	... 59 common frames omitted

2026-08-27T05:36:20.877+02:00  INFO 18816 --- [ClinicaVeterinaria] [restartedMain] c.C.C.ClinicaVeterinariaApplication      : Starting ClinicaVeterinariaApplication using Java 21.0.11 with PID 18816 (C:\Users\sergi\IdeaProjects\clinicaVeterinariaV2\backend\target\classes started by sergi in C:\Users\sergi\IdeaProjects\clinicaVeterinariaV2\backend)
2026-08-27T05:36:20.880+02:00  INFO 18816 --- [ClinicaVeterinaria] [restartedMain] c.C.C.ClinicaVeterinariaApplication      : No active profile set, falling back to 1 default profile: "default"
2026-08-27T05:36:20.939+02:00  INFO 18816 --- [ClinicaVeterinaria] [restartedMain] .e.DevToolsPropertyDefaultsPostProcessor : Devtools property defaults active! Set 'spring.devtools.add-properties' to 'false' to disable
2026-08-27T05:36:20.939+02:00  INFO 18816 --- [ClinicaVeterinaria] [restartedMain] .e.DevToolsPropertyDefaultsPostProcessor : For additional web related logging consider setting the 'logging.level.web' property to 'DEBUG'
2026-08-27T05:36:21.793+02:00  INFO 18816 --- [ClinicaVeterinaria] [restartedMain] .s.d.r.c.RepositoryConfigurationDelegate : Bootstrapping Spring Data JPA repositories in DEFAULT mode.
2026-08-27T05:36:21.878+02:00  INFO 18816 --- [ClinicaVeterinaria] [restartedMain] .s.d.r.c.RepositoryConfigurationDelegate : Finished Spring Data repository scanning in 77 ms. Found 8 JPA repository interfaces.
2026-08-27T05:36:22.571+02:00  INFO 18816 --- [ClinicaVeterinaria] [restartedMain] o.s.b.w.embedded.tomcat.TomcatWebServer  : Tomcat initialized with port 8080 (http)
2026-08-27T05:36:22.587+02:00  INFO 18816 --- [ClinicaVeterinaria] [restartedMain] o.apache.catalina.core.StandardService   : Starting service [Tomcat]
2026-08-27T05:36:22.587+02:00  INFO 18816 --- [ClinicaVeterinaria] [restartedMain] o.apache.catalina.core.StandardEngine    : Starting Servlet engine: [Apache Tomcat/10.1.30]
2026-08-27T05:36:22.640+02:00  INFO 18816 --- [ClinicaVeterinaria] [restartedMain] o.a.c.c.C.[Tomcat].[localhost].[/]       : Initializing Spring embedded WebApplicationContext
2026-08-27T05:36:22.641+02:00  INFO 18816 --- [ClinicaVeterinaria] [restartedMain] w.s.c.ServletWebServerApplicationContext : Root WebApplicationContext: initialization completed in 1701 ms
2026-08-27T05:36:22.818+02:00  INFO 18816 --- [ClinicaVeterinaria] [restartedMain] o.hibernate.jpa.internal.util.LogHelper  : HHH000204: Processing PersistenceUnitInfo [name: default]
2026-08-27T05:36:22.902+02:00  INFO 18816 --- [ClinicaVeterinaria] [restartedMain] org.hibernate.Version                    : HHH000412: Hibernate ORM core version 6.5.3.Final
2026-08-27T05:36:22.963+02:00  INFO 18816 --- [ClinicaVeterinaria] [restartedMain] o.h.c.internal.RegionFactoryInitiator    : HHH000026: Second-level cache disabled
2026-08-27T05:36:23.318+02:00  INFO 18816 --- [ClinicaVeterinaria] [restartedMain] o.s.o.j.p.SpringPersistenceUnitInfo      : No LoadTimeWeaver setup: ignoring JPA class transformer
2026-08-27T05:36:23.364+02:00  INFO 18816 --- [ClinicaVeterinaria] [restartedMain] com.zaxxer.hikari.HikariDataSource       : HikariPool-1 - Starting...
2026-08-27T05:36:23.562+02:00  INFO 18816 --- [ClinicaVeterinaria] [restartedMain] com.zaxxer.hikari.pool.HikariPool        : HikariPool-1 - Added connection com.mysql.cj.jdbc.ConnectionImpl@411759eb
2026-08-27T05:36:23.564+02:00  INFO 18816 --- [ClinicaVeterinaria] [restartedMain] com.zaxxer.hikari.HikariDataSource       : HikariPool-1 - Start completed.
2026-08-27T05:36:23.610+02:00  WARN 18816 --- [ClinicaVeterinaria] [restartedMain] org.hibernate.orm.deprecation            : HHH90000025: MySQL8Dialect does not need to be specified explicitly using 'hibernate.dialect' (remove the property setting and it will be selected by default)
2026-08-27T05:36:23.610+02:00  WARN 18816 --- [ClinicaVeterinaria] [restartedMain] org.hibernate.orm.deprecation            : HHH90000026: MySQL8Dialect has been deprecated; use org.hibernate.dialect.MySQLDialect instead
2026-08-27T05:36:24.903+02:00  INFO 18816 --- [ClinicaVeterinaria] [restartedMain] o.h.e.t.j.p.i.JtaPlatformInitiator       : HHH000489: No JTA platform available (set 'hibernate.transaction.jta.platform' to enable JTA platform integration)
2026-08-27T05:36:27.472+02:00  INFO 18816 --- [ClinicaVeterinaria] [restartedMain] j.LocalContainerEntityManagerFactoryBean : Initialized JPA EntityManagerFactory for persistence unit 'default'
2026-08-27T05:36:27.805+02:00  INFO 18816 --- [ClinicaVeterinaria] [restartedMain] o.s.d.j.r.query.QueryEnhancerFactory     : Hibernate is in classpath; If applicable, HQL parser will be used.
2026-08-27T05:36:28.299+02:00  INFO 18816 --- [ClinicaVeterinaria] [restartedMain] r$InitializeUserDetailsManagerConfigurer : Global AuthenticationManager configured with UserDetailsService bean with name usuarioDetailsServiceImpl
2026-08-27T05:36:28.327+02:00  WARN 18816 --- [ClinicaVeterinaria] [restartedMain] JpaBaseConfiguration$JpaWebConfiguration : spring.jpa.open-in-view is enabled by default. Therefore, database queries may be performed during view rendering. Explicitly configure spring.jpa.open-in-view to disable this warning
2026-08-27T05:36:28.759+02:00  WARN 18816 --- [ClinicaVeterinaria] [restartedMain] ion$DefaultTemplateResolverConfiguration : Cannot find template location: classpath:/templates/ (please add some templates, check your Thymeleaf configuration, or set spring.thymeleaf.check-template-location=false)
2026-08-27T05:36:28.848+02:00  INFO 18816 --- [ClinicaVeterinaria] [restartedMain] o.s.b.d.a.OptionalLiveReloadServer       : LiveReload server is running on port 35729
2026-08-27T05:36:28.879+02:00  INFO 18816 --- [ClinicaVeterinaria] [restartedMain] o.s.b.w.embedded.tomcat.TomcatWebServer  : Tomcat started on port 8080 (http) with context path '/'
2026-08-27T05:36:28.886+02:00  INFO 18816 --- [ClinicaVeterinaria] [restartedMain] c.C.C.ClinicaVeterinariaApplication      : Started ClinicaVeterinariaApplication in 8.499 seconds (process running for 9.074)
2026-08-27T05:37:01.555+02:00  INFO 18816 --- [ClinicaVeterinaria] [http-nio-8080-exec-1] o.a.c.c.C.[Tomcat].[localhost].[/]       : Initializing Spring DispatcherServlet 'dispatcherServlet'
2026-08-27T05:37:01.555+02:00  INFO 18816 --- [ClinicaVeterinaria] [http-nio-8080-exec-1] o.s.web.servlet.DispatcherServlet        : Initializing Servlet 'dispatcherServlet'
2026-08-27T05:37:01.556+02:00  INFO 18816 --- [ClinicaVeterinaria] [http-nio-8080-exec-1] o.s.web.servlet.DispatcherServlet        : Completed initialization in 1 ms
2026-08-27T05:44:59.980+02:00  INFO 252 --- [ClinicaVeterinaria] [restartedMain] c.C.C.ClinicaVeterinariaApplication      : Starting ClinicaVeterinariaApplication using Java 21.0.11 with PID 252 (C:\Users\sergi\IdeaProjects\clinicaVeterinariaV2\backend\target\classes started by sergi in C:\Users\sergi\IdeaProjects\clinicaVeterinariaV2\backend)
2026-08-27T05:44:59.981+02:00  INFO 252 --- [ClinicaVeterinaria] [restartedMain] c.C.C.ClinicaVeterinariaApplication      : No active profile set, falling back to 1 default profile: "default"
2026-08-27T05:45:00.024+02:00  INFO 252 --- [ClinicaVeterinaria] [restartedMain] .e.DevToolsPropertyDefaultsPostProcessor : Devtools property defaults active! Set 'spring.devtools.add-properties' to 'false' to disable
2026-08-27T05:45:00.024+02:00  INFO 252 --- [ClinicaVeterinaria] [restartedMain] .e.DevToolsPropertyDefaultsPostProcessor : For additional web related logging consider setting the 'logging.level.web' property to 'DEBUG'
2026-08-27T05:45:00.540+02:00  INFO 252 --- [ClinicaVeterinaria] [restartedMain] .s.d.r.c.RepositoryConfigurationDelegate : Bootstrapping Spring Data JPA repositories in DEFAULT mode.
2026-08-27T05:45:00.601+02:00  INFO 252 --- [ClinicaVeterinaria] [restartedMain] .s.d.r.c.RepositoryConfigurationDelegate : Finished Spring Data repository scanning in 56 ms. Found 8 JPA repository interfaces.
2026-08-27T05:45:01.058+02:00  INFO 252 --- [ClinicaVeterinaria] [restartedMain] o.s.b.w.embedded.tomcat.TomcatWebServer  : Tomcat initialized with port 8080 (http)
2026-08-27T05:45:01.070+02:00  INFO 252 --- [ClinicaVeterinaria] [restartedMain] o.apache.catalina.core.StandardService   : Starting service [Tomcat]
2026-08-27T05:45:01.070+02:00  INFO 252 --- [ClinicaVeterinaria] [restartedMain] o.apache.catalina.core.StandardEngine    : Starting Servlet engine: [Apache Tomcat/10.1.30]
2026-08-27T05:45:01.107+02:00  INFO 252 --- [ClinicaVeterinaria] [restartedMain] o.a.c.c.C.[Tomcat].[localhost].[/]       : Initializing Spring embedded WebApplicationContext
2026-08-27T05:45:01.107+02:00  INFO 252 --- [ClinicaVeterinaria] [restartedMain] w.s.c.ServletWebServerApplicationContext : Root WebApplicationContext: initialization completed in 1083 ms
2026-08-27T05:45:01.232+02:00  INFO 252 --- [ClinicaVeterinaria] [restartedMain] o.hibernate.jpa.internal.util.LogHelper  : HHH000204: Processing PersistenceUnitInfo [name: default]
2026-08-27T05:45:01.273+02:00  INFO 252 --- [ClinicaVeterinaria] [restartedMain] org.hibernate.Version                    : HHH000412: Hibernate ORM core version 6.5.3.Final
2026-08-27T05:45:01.304+02:00  INFO 252 --- [ClinicaVeterinaria] [restartedMain] o.h.c.internal.RegionFactoryInitiator    : HHH000026: Second-level cache disabled
2026-08-27T05:45:01.525+02:00  INFO 252 --- [ClinicaVeterinaria] [restartedMain] o.s.o.j.p.SpringPersistenceUnitInfo      : No LoadTimeWeaver setup: ignoring JPA class transformer
2026-08-27T05:45:01.551+02:00  INFO 252 --- [ClinicaVeterinaria] [restartedMain] com.zaxxer.hikari.HikariDataSource       : HikariPool-1 - Starting...
2026-08-27T05:45:01.689+02:00  INFO 252 --- [ClinicaVeterinaria] [restartedMain] com.zaxxer.hikari.pool.HikariPool        : HikariPool-1 - Added connection com.mysql.cj.jdbc.ConnectionImpl@411759eb
2026-08-27T05:45:01.691+02:00  INFO 252 --- [ClinicaVeterinaria] [restartedMain] com.zaxxer.hikari.HikariDataSource       : HikariPool-1 - Start completed.
2026-08-27T05:45:01.734+02:00  WARN 252 --- [ClinicaVeterinaria] [restartedMain] org.hibernate.orm.deprecation            : HHH90000025: MySQLDialect does not need to be specified explicitly using 'hibernate.dialect' (remove the property setting and it will be selected by default)
2026-08-27T05:45:02.573+02:00  INFO 252 --- [ClinicaVeterinaria] [restartedMain] o.h.e.t.j.p.i.JtaPlatformInitiator       : HHH000489: No JTA platform available (set 'hibernate.transaction.jta.platform' to enable JTA platform integration)
2026-08-27T05:45:02.808+02:00  INFO 252 --- [ClinicaVeterinaria] [restartedMain] j.LocalContainerEntityManagerFactoryBean : Initialized JPA EntityManagerFactory for persistence unit 'default'
2026-08-27T05:45:03.077+02:00  INFO 252 --- [ClinicaVeterinaria] [restartedMain] o.s.d.j.r.query.QueryEnhancerFactory     : Hibernate is in classpath; If applicable, HQL parser will be used.
2026-08-27T05:45:03.475+02:00  INFO 252 --- [ClinicaVeterinaria] [restartedMain] r$InitializeUserDetailsManagerConfigurer : Global AuthenticationManager configured with UserDetailsService bean with name usuarioDetailsServiceImpl
2026-08-27T05:45:03.502+02:00  WARN 252 --- [ClinicaVeterinaria] [restartedMain] JpaBaseConfiguration$JpaWebConfiguration : spring.jpa.open-in-view is enabled by default. Therefore, database queries may be performed during view rendering. Explicitly configure spring.jpa.open-in-view to disable this warning
2026-08-27T05:45:03.824+02:00  WARN 252 --- [ClinicaVeterinaria] [restartedMain] ion$DefaultTemplateResolverConfiguration : Cannot find template location: classpath:/templates/ (please add some templates, check your Thymeleaf configuration, or set spring.thymeleaf.check-template-location=false)
2026-08-27T05:45:03.906+02:00  INFO 252 --- [ClinicaVeterinaria] [restartedMain] o.s.b.d.a.OptionalLiveReloadServer       : LiveReload server is running on port 35729
2026-08-27T05:45:03.935+02:00  INFO 252 --- [ClinicaVeterinaria] [restartedMain] o.s.b.w.embedded.tomcat.TomcatWebServer  : Tomcat started on port 8080 (http) with context path '/'
2026-08-27T05:45:03.942+02:00  INFO 252 --- [ClinicaVeterinaria] [restartedMain] c.C.C.ClinicaVeterinariaApplication      : Started ClinicaVeterinariaApplication in 4.267 seconds (process running for 4.604)
2026-08-27T05:45:24.178+02:00  INFO 252 --- [ClinicaVeterinaria] [http-nio-8080-exec-1] o.a.c.c.C.[Tomcat].[localhost].[/]       : Initializing Spring DispatcherServlet 'dispatcherServlet'
2026-08-27T05:45:24.178+02:00  INFO 252 --- [ClinicaVeterinaria] [http-nio-8080-exec-1] o.s.web.servlet.DispatcherServlet        : Initializing Servlet 'dispatcherServlet'
2026-08-27T05:45:24.178+02:00  INFO 252 --- [ClinicaVeterinaria] [http-nio-8080-exec-1] o.s.web.servlet.DispatcherServlet        : Completed initialization in 0 ms
